{
  "repo": "jetty",
  "totalMethods": 11522,
  "totalHistoryEquals1": 4072,
  "totalHistory2To5": 6151,
  "totalHistory6To10": 916,
  "totalHistoryGt10": 383,
  "totalHistoryCount": {
    "0": 1612,
    "1": 4072,
    "2": 2133,
    "3": 1201,
    "4": 740,
    "5": 465,
    "6": 311,
    "7": 230,
    "8": 145,
    "9": 139,
    "10": 91,
    "11": 61,
    "12": 60,
    "13": 44,
    "14": 27,
    "15": 25,
    "16": 28,
    "17": 19,
    "18": 16,
    "19": 12,
    "20": 14,
    "21": 8,
    "22": 3,
    "23": 8,
    "24": 5,
    "25": 6,
    "26": 6,
    "27": 3,
    "28": 2,
    "29": 4,
    "30": 1,
    "31": 2,
    "32": 4,
    "33": 1,
    "34": 4,
    "35": 1,
    "36": 1,
    "39": 4,
    "40": 1,
    "41": 2,
    "42": 1,
    "43": 1,
    "45": 2,
    "47": 1,
    "50": 1,
    "51": 1,
    "59": 1,
    "76": 1,
    "92": 1,
    "94": 1
  },
  "avgSizeShovel": 2.6718451657698314,
  "avgSizeBase": 2.802898802291269,
  "medianSizeShovel": 2,
  "medianSizeBase": 1,
  "changeStats": {
    "Yintroduced": 9381,
    "Ybodychange": 17080,
    "Yparameterchange": 1457,
    "Ymovefromfile": 1454,
    "Yparametermetachange": 69,
    "Yfilerename": 2644,
    "Yrename": 863,
    "Yreturntypechange": 877,
    "Ymodifierchange": 596,
    "Yexceptionschange": 227
  },
  "countSmallMethodsForOneChange": 134,
  "countSmallMethodsForMoreThanOneChange": 83,
  "avgMethodSizeOneChange": 7.3818762278978385,
  "avgMethodsMoreThanOneChange": 15.11986577181208,
  "statsMethodsOneChange": {
    "setters": 11,
    "getters": 8,
    "tests": 5
  },
  "methodSizeStatsLeftNumChangesRightNumLinesNumMethods": {
    "0": {
      "1": 6,
      "3": 27,
      "4": 814,
      "5": 93,
      "6": 85,
      "7": 70,
      "8": 44,
      "9": 39,
      "10": 38,
      "11": 35,
      "12": 29,
      "13": 16,
      "14": 31,
      "15": 23,
      "16": 21,
      "17": 18,
      "18": 17,
      "19": 9,
      "20": 14,
      "21": 9,
      "22": 18,
      "23": 11,
      "24": 9,
      "25": 6,
      "26": 4,
      "27": 10,
      "28": 6,
      "29": 3,
      "30": 9,
      "31": 12,
      "33": 4,
      "34": 7,
      "35": 6,
      "36": 4,
      "37": 2,
      "38": 5,
      "39": 1,
      "40": 3,
      "41": 3,
      "42": 2,
      "43": 2,
      "44": 3,
      "45": 2,
      "46": 3,
      "47": 1,
      "48": 4,
      "49": 1,
      "50": 2,
      "51": 4,
      "53": 1,
      "57": 1,
      "58": 2,
      "60": 1,
      "62": 1,
      "65": 1,
      "66": 1,
      "67": 1,
      "73": 1,
      "74": 1,
      "77": 1,
      "87": 1,
      "91": 1,
      "94": 1,
      "96": 1,
      "97": 1,
      "103": 1,
      "104": 2,
      "108": 1,
      "109": 2,
      "122": 1,
      "169": 1,
      "183": 1,
      "202": 1,
      "330": 1
    },
    "1": {
      "1": 24,
      "2": 2,
      "3": 75,
      "4": 2484,
      "5": 304,
      "6": 177,
      "7": 142,
      "8": 104,
      "9": 74,
      "10": 58,
      "11": 79,
      "12": 65,
      "13": 50,
      "14": 37,
      "15": 39,
      "16": 44,
      "17": 33,
      "18": 28,
      "19": 26,
      "20": 12,
      "21": 21,
      "22": 19,
      "23": 14,
      "24": 11,
      "25": 15,
      "26": 8,
      "27": 7,
      "28": 13,
      "29": 4,
      "30": 7,
      "31": 6,
      "32": 3,
      "33": 6,
      "34": 8,
      "35": 5,
      "36": 6,
      "37": 9,
      "38": 1,
      "39": 1,
      "40": 2,
      "41": 1,
      "42": 1,
      "44": 3,
      "45": 1,
      "47": 3,
      "48": 3,
      "49": 1,
      "51": 1,
      "52": 3,
      "53": 1,
      "55": 3,
      "56": 1,
      "58": 2,
      "63": 2,
      "67": 1,
      "68": 1,
      "69": 3,
      "72": 3,
      "73": 3,
      "74": 1,
      "83": 1,
      "93": 2,
      "97": 1,
      "103": 1,
      "120": 1,
      "127": 1,
      "134": 1,
      "191": 1,
      "198": 1,
      "364": 1
    },
    "2": {
      "3": 29,
      "4": 1095,
      "5": 147,
      "6": 95,
      "7": 88,
      "8": 65,
      "9": 48,
      "10": 43,
      "11": 47,
      "12": 52,
      "13": 36,
      "14": 35,
      "15": 31,
      "16": 32,
      "17": 28,
      "18": 19,
      "19": 21,
      "20": 19,
      "21": 20,
      "22": 12,
      "23": 9,
      "24": 8,
      "25": 6,
      "26": 5,
      "27": 9,
      "28": 7,
      "29": 10,
      "30": 6,
      "31": 4,
      "32": 2,
      "33": 13,
      "34": 4,
      "35": 3,
      "36": 6,
      "37": 6,
      "38": 6,
      "39": 3,
      "40": 4,
      "41": 2,
      "42": 2,
      "43": 2,
      "44": 2,
      "46": 3,
      "47": 3,
      "49": 2,
      "50": 1,
      "51": 1,
      "52": 1,
      "53": 2,
      "54": 2,
      "55": 2,
      "56": 2,
      "57": 4,
      "59": 1,
      "60": 1,
      "61": 1,
      "62": 2,
      "63": 1,
      "64": 1,
      "65": 1,
      "68": 1,
      "69": 2,
      "70": 1,
      "72": 2,
      "73": 3,
      "76": 1,
      "81": 1,
      "86": 1,
      "87": 2,
      "104": 1,
      "105": 1,
      "107": 1,
      "110": 1,
      "123": 1,
      "125": 1,
      "126": 1
    },
    "3": {
      "3": 20,
      "4": 441,
      "5": 84,
      "6": 68,
      "7": 62,
      "8": 49,
      "9": 45,
      "10": 31,
      "11": 44,
      "12": 30,
      "13": 23,
      "14": 26,
      "15": 26,
      "16": 20,
      "17": 17,
      "18": 14,
      "19": 12,
      "20": 12,
      "21": 11,
      "22": 11,
      "23": 6,
      "24": 4,
      "25": 11,
      "26": 1,
      "27": 8,
      "28": 9,
      "29": 9,
      "30": 3,
      "31": 11,
      "32": 4,
      "33": 4,
      "34": 5,
      "35": 5,
      "36": 2,
      "37": 3,
      "38": 4,
      "39": 8,
      "40": 2,
      "41": 5,
      "42": 2,
      "43": 3,
      "45": 3,
      "46": 2,
      "48": 1,
      "49": 1,
      "50": 2,
      "54": 1,
      "58": 3,
      "59": 1,
      "60": 3,
      "61": 1,
      "62": 1,
      "63": 1,
      "64": 2,
      "65": 1,
      "66": 3,
      "67": 1,
      "71": 1,
      "76": 2,
      "77": 1,
      "78": 1,
      "80": 1,
      "82": 1,
      "83": 2,
      "85": 1,
      "87": 1,
      "94": 1,
      "96": 1,
      "98": 1,
      "111": 1,
      "135": 1,
      "145": 1,
      "151": 1,
      "177": 1
    },
    "4": {
      "3": 29,
      "4": 229,
      "5": 36,
      "6": 34,
      "7": 36,
      "8": 23,
      "9": 27,
      "10": 22,
      "11": 24,
      "12": 12,
      "13": 24,
      "14": 15,
      "15": 15,
      "16": 12,
      "17": 18,
      "18": 12,
      "19": 8,
      "20": 10,
      "21": 11,
      "22": 10,
      "23": 4,
      "24": 10,
      "25": 10,
      "26": 2,
      "27": 2,
      "28": 2,
      "29": 8,
      "30": 7,
      "31": 5,
      "32": 2,
      "33": 3,
      "34": 7,
      "35": 1,
      "36": 4,
      "37": 4,
      "38": 1,
      "39": 1,
      "40": 2,
      "41": 3,
      "42": 1,
      "43": 4,
      "44": 2,
      "45": 1,
      "46": 5,
      "47": 4,
      "48": 2,
      "50": 1,
      "51": 2,
      "53": 1,
      "54": 1,
      "55": 1,
      "56": 1,
      "57": 1,
      "58": 1,
      "62": 2,
      "63": 1,
      "65": 1,
      "72": 2,
      "73": 1,
      "74": 1,
      "75": 2,
      "76": 1,
      "80": 1,
      "87": 1,
      "89": 1,
      "99": 2,
      "100": 2,
      "101": 1,
      "106": 1,
      "110": 1,
      "114": 1,
      "117": 1,
      "124": 1,
      "126": 1,
      "145": 1,
      "156": 1,
      "249": 1
    },
    "5": {
      "3": 2,
      "4": 103,
      "5": 28,
      "6": 15,
      "7": 37,
      "8": 21,
      "9": 12,
      "10": 10,
      "11": 19,
      "12": 10,
      "13": 11,
      "14": 9,
      "15": 8,
      "16": 9,
      "17": 9,
      "18": 14,
      "19": 10,
      "20": 6,
      "21": 4,
      "22": 9,
      "23": 6,
      "24": 6,
      "25": 2,
      "26": 7,
      "27": 4,
      "28": 3,
      "29": 4,
      "30": 4,
      "31": 9,
      "32": 3,
      "33": 1,
      "34": 3,
      "35": 1,
      "36": 6,
      "37": 1,
      "38": 2,
      "39": 3,
      "40": 5,
      "41": 1,