{
  "repo": "mockito",
  "totalMethods": 1366,
  "totalHistoryEquals1": 229,
  "totalHistory2To5": 747,
  "totalHistory6To10": 268,
  "totalHistoryGt10": 122,
  "totalHistoryCount": {
    "0": 8,
    "1": 229,
    "2": 251,
    "3": 217,
    "4": 147,
    "5": 124,
    "6": 81,
    "7": 72,
    "8": 45,
    "9": 34,
    "10": 36,
    "11": 19,
    "12": 13,
    "13": 11,
    "14": 10,
    "15": 10,
    "16": 7,
    "17": 5,
    "18": 8,
    "19": 3,
    "20": 6,
    "21": 3,
    "22": 4,
    "23": 4,
    "24": 3,
    "25": 2,
    "26": 2,
    "27": 2,
    "30": 2,
    "32": 1,
    "33": 1,
    "34": 2,
    "41": 1,
    "43": 1,
    "64": 1,
    "112": 1
  },
  "avgSizeShovel": 5.011713030746706,
  "avgSizeBase": 1.1266471449487554,
  "medianSizeShovel": 3,
  "medianSizeBase": 1,
  "changeStats": {
    "Yintroduced": 1341,
    "Yfilerename": 1759,
    "Yrename": 288,
    "Ybodychange": 3102,
    "Ymovefromfile": 284,
    "Yparameterchange": 739,
    "Yreturntypechange": 364,
    "Yexceptionschange": 30,
    "Ymodifierchange": 309,
    "Yparametermetachange": 17
  },
  "countSmallMethodsForOneChange": 137,
  "countSmallMethodsForMoreThanOneChange": 502,
  "avgMethodSizeOneChange": 5.11353711790393,
  "avgMethodsMoreThanOneChange": 7.209322779243624,
  "statsMethodsOneChange": {
    "setters": 6,
    "getters": 50,
    "tests": 2
  },
  "methodSizeStatsLeftNumChangesRightNumLinesNumMethods": {
    "0": {
      "3": 6,
      "7": 1,
      "9": 1
    },
    "1": {
      "1": 1,
      "3": 130,
      "4": 19,
      "5": 13,
      "6": 6,
      "7": 14,
      "8": 14,
      "9": 8,
      "10": 2,
      "11": 8,
      "12": 5,
      "13": 3,
      "14": 1,
      "15": 1,
      "19": 2,
      "20": 1,
      "27": 1
    },
    "2": {
      "3": 162,
      "4": 28,
      "5": 6,
      "6": 15,
      "7": 12,
      "8": 6,
      "9": 6,
      "10": 1,
      "11": 2,
      "12": 2,
      "14": 2,
      "15": 2,
      "16": 3,
      "17": 1,
      "22": 1,
      "30": 1,
      "31": 1
    },
    "3": {
      "1": 1,
      "3": 121,
      "4": 19,
      "5": 13,
      "6": 4,
      "7": 9,
      "8": 8,
      "9": 6,
      "10": 2,
      "11": 4,
      "12": 6,
      "14": 3,
      "16": 1,
      "17": 1,
      "19": 2,
      "20": 9,
      "21": 1,
      "22": 1,
      "23": 1,
      "26": 1,
      "29": 1,
      "30": 1,
      "38": 1,
      "48": 1
    },
    "4": {
      "1": 1,
      "3": 67,
      "4": 4,
      "5": 9,
      "6": 8,
      "7": 8,
      "8": 7,
      "9": 4,
      "10": 11,
      "11": 4,
      "12": 3,
      "13": 5,
      "14": 3,
      "15": 1,
      "16": 2,
      "17": 1,
      "18": 2,
      "19": 1,
      "20": 1,
      "24": 1,
      "25": 2,
      "47": 2
    },
    "5": {
      "3": 62,
      "4": 7,
      "5": 3,
      "6": 5,
      "7": 8,
      "8": 6,
      "9": 5,
      "10": 7,
      "11": 6,
      "12": 2,
      "13": 2,
      "14": 3,
      "16": 1,
      "18": 1,
      "19": 1,
      "20": 1,
      "23": 1,
      "25": 1,
      "27": 2
    },
    "6": {
      "3": 34,
      "4": 4,
      "5": 3,
      "7": 4,
      "8": 6,
      "9": 7,
      "10": 2,
      "11": 3,
      "12": 1,
      "13": 4,
      "14": 4,
      "15": 1,
      "16": 1,
      "19": 1,
      "20": 1,
      "21": 1,
      "22": 1,
      "26": 2,
      "51": 1
    },
    "7": {
      "3": 11,
      "4": 20,
      "5": 1,
      "6": 5,
      "7": 6,
      "8": 4,
      "9": 3,
      "10": 5,
      "11": 2,
      "12": 1,
      "13": 2,
      "14": 3,
      "15": 2,
      "16": 1,
      "17": 2,
      "19": 1,
      "21": 1,
      "22": 2
    },
    "8": {
      "3": 14,
      "4": 3,
      "5": 3,
      "6": 5,
      "7": 2,
      "8": 3,
      "10": 3,
      "11": 2,
      "13": 2,
      "14": 1,
      "18": 1,
      "20": 2,
      "24": 1,
      "26": 2,
      "32": 1
    },
    "9": {
      "3": 7,
      "4": 5,
      "5": 2,
      "6": 2,
      "7": 3,
      "8": 1,
      "9": 2,
      "10": 2,
      "11": 3,
      "12": 2,
      "13": 2,
      "14": 2,
      "19": 1
    },
    "10": {
      "3": 7,
      "4": 4,
      "5": 4,
      "6": 2,
      "7": 1,
      "8": 1,
      "9": 4,
      "10": 1,
      "12": 2,
      "13": 2,
      "16": 1,
      "18": 1,
      "19": 1,
      "24": 2,
      "25": 1,
      "36": 1,
      "55": 1
    },
    "11": {
      "3": 3,
      "5": 2,
      "6": 1,
      "7": 1,
      "8": 3,
      "9": 2,
      "10": 1,
      "11": 1,
      "13": 1,
      "16": 1,
      "18": 1,
      "19": 2
    },
    "12": {
      "3": 3,
      "4": 1,
      "6": 1,
      "8": 2,
      "9": 2,
      "12": 1,
      "18": 1,
      "24": 1,
      "28": 1
    },
    "13": {
      "3": 2,
      "6": 1,
      "9": 1,
      "10": 1,
      "11": 1,
      "13": 1,
      "14": 1,
      "17": 1,
      "19": 1,
      "25": 1
    },
    "14": {
      "3": 2,
      "4": 2,
      "8": 2,
      "9": 1,
      "13": 2,
      "20": 1
    },
    "15": {
      "3": 3,
      "7": 2,
      "8": 1,
      "10": 1,
      "11": 1,
      "19": 1,
      "23": 1
    },
    "16": {
      "4": 2,
      "7": 1,
      "8": 1,
      "10": 1,
      "28": 1,
      "29": 1
    },
    "17": {
      "8": 1,
      "12": 1,
      "21": 1,
      "23": 1,
      "26": 1
    },
    "18": {
      "4": 1,
      "5": 1,
      "6": 1,
      "12": 1,
      "14": 1,
      "20": 1,
      "26": 1,
      "29": 1
    },
    "19": {
      "5": 1,
      "7": 1,
      "11": 1
    },
    "20": {
      "3": 2,
      "9": 2,
      "11": 1,
      "12": 1
    },
    "21": {
      "9": 1,
      "10": 1,
      "24": 1
    },
    "22": {
      "4": 1,
      "9": 2,
      "12": 1
    },
    "23": {
      "10": 1,
      "11": 1,
      "14": 2
    },
    "24": {
      "10": 1,
      "11": 1,
      "19": 1
    },
    "25": {
      "11": 1,
      "12": 1
    },
    "26": {
      "17": 2
    },
    "27": {
      "14": 1,
      "56": 1
    },
    "30": {
      "8": 1,
      "12": 1
    },
    "32": {
      "7": 1
    },
    "33": {
      "16": 1
    },
    "34": {
      "14": 1,
      "17": 1
    },
    "41": {
      "15": 1
    },
    "43": {
      "12": 1
    },
    "64": {
      "17": 1
    },
    "112": {
      "68": 1
    }
  }
}