{
  "repo": "spring-boot",
  "totalMethods": 2451,
  "totalHistoryEquals1": 298,
  "totalHistory2To5": 1691,
  "totalHistory6To10": 315,
  "totalHistoryGt10": 147,
  "totalHistoryCount": {
    "0": 30,
    "1": 298,
    "2": 687,
    "3": 477,
    "4": 325,
    "5": 172,
    "6": 116,
    "7": 85,
    "8": 41,
    "9": 31,
    "10": 42,
    "11": 29,
    "12": 23,
    "13": 30,
    "14": 22,
    "15": 14,
    "16": 4,
    "17": 5,
    "18": 2,
    "19": 3,
    "20": 1,
    "22": 2,
    "23": 3,
    "24": 1,
    "25": 1,
    "28": 1,
    "31": 2,
    "35": 1,
    "36": 1,
    "47": 1,
    "60": 1
  },
  "avgSizeShovel": 3.988576091391269,
  "avgSizeBase": 0.6160750713994289,
  "medianSizeShovel": 3,
  "medianSizeBase": 0,
  "changeStats": {
    "Yfilerename": 3696,
    "Ymovefromfile": 1193,
    "Yintroduced": 2252,
    "Ybodychange": 2703,
    "Yrename": 218,
    "Yreturntypechange": 184,
    "Ymodifierchange": 143,
    "Yparameterchange": 354,
    "Yparametermetachange": 4,
    "Yexceptionschange": 31
  },
  "countSmallMethodsForOneChange": 133,
  "countSmallMethodsForMoreThanOneChange": 762,
  "avgMethodSizeOneChange": 5.496644295302014,
  "avgMethodsMoreThanOneChange": 7.267998142127264,
  "statsMethodsOneChange": {
    "setters": 25,
    "getters": 57,
    "tests": 0
  },
  "methodSizeStatsLeftNumChangesRightNumLinesNumMethods": {
    "0": {
      "3": 3,
      "4": 3,
      "5": 1,
      "6": 1,
      "7": 2,
      "8": 5,
      "9": 2,
      "10": 1,
      "11": 2,
      "12": 1,
      "13": 3,
      "14": 2,
      "15": 1,
      "16": 1,
      "17": 1,
      "18": 1
    },
    "1": {
      "2": 1,
      "3": 129,
      "4": 44,
      "5": 27,
      "6": 15,
      "7": 14,
      "8": 17,
      "9": 14,
      "10": 6,
      "11": 12,
      "12": 4,
      "13": 5,
      "14": 2,
      "15": 1,
      "16": 1,
      "18": 2,
      "19": 1,
      "20": 1,
      "21": 1,
      "28": 1
    },
    "2": {
      "2": 2,
      "3": 330,
      "4": 78,
      "5": 56,
      "6": 57,
      "7": 38,
      "8": 24,
      "9": 24,
      "10": 17,
      "11": 16,
      "12": 8,
      "13": 11,
      "14": 6,
      "15": 6,
      "16": 3,
      "17": 2,
      "18": 2,
      "19": 1,
      "20": 2,
      "22": 3,
      "24": 1,
      "34": 1
    },
    "3": {
      "2": 3,
      "3": 154,
      "4": 51,
      "5": 26,
      "6": 40,
      "7": 23,
      "8": 31,
      "9": 35,
      "10": 23,
      "11": 19,
      "12": 11,
      "13": 15,
      "14": 15,
      "15": 3,
      "16": 6,
      "17": 3,
      "18": 4,
      "19": 3,
      "20": 3,
      "21": 1,
      "22": 2,
      "23": 1,
      "24": 1,
      "31": 1,
      "36": 1,
      "37": 1,
      "41": 1
    },
    "4": {
      "2": 1,
      "3": 139,
      "4": 32,
      "5": 16,
      "6": 14,
      "7": 14,
      "8": 13,
      "9": 25,
      "10": 8,
      "11": 13,
      "12": 9,
      "13": 6,
      "14": 6,
      "15": 5,
      "16": 5,
      "17": 5,
      "18": 2,
      "19": 2,
      "20": 1,
      "21": 1,
      "22": 1,
      "23": 2,
      "24": 1,
      "26": 1,
      "27": 2,
      "30": 1
    },
    "5": {
      "2": 1,
      "3": 32,
      "4": 17,
      "5": 14,
      "6": 7,
      "7": 13,
      "8": 17,
      "9": 11,
      "10": 9,
      "11": 7,
      "12": 11,
      "13": 7,
      "14": 4,
      "15": 5,
      "16": 2,
      "17": 1,
      "18": 3,
      "19": 1,
      "20": 1,
      "21": 2,
      "22": 1,
      "23": 1,
      "24": 1,
      "26": 1,
      "28": 1,
      "32": 1,
      "42": 1
    },
    "6": {
      "3": 19,
      "4": 7,
      "5": 5,
      "6": 11,
      "7": 7,
      "8": 3,
      "9": 11,
      "10": 9,
      "11": 6,
      "12": 6,
      "13": 4,
      "14": 3,
      "15": 6,
      "16": 5,
      "17": 2,
      "18": 2,
      "19": 2,
      "21": 1,
      "22": 2,
      "24": 1,
      "25": 2,
      "32": 1,
      "36": 1
    },
    "7": {
      "3": 12,
      "4": 10,
      "5": 4,
      "6": 1,
      "7": 5,
      "8": 11,
      "9": 7,
      "10": 4,
      "11": 3,
      "12": 6,
      "13": 5,
      "14": 1,
      "15": 3,
      "16": 1,
      "17": 2,
      "18": 1,
      "19": 3,
      "20": 1,
      "22": 1,
      "24": 1,
      "25": 1,
      "27": 1,
      "29": 1,
      "50": 1
    },
    "8": {
      "2": 1,
      "3": 7,
      "4": 4,
      "5": 4,
      "7": 2,
      "8": 4,
      "9": 5,
      "10": 3,
      "11": 1,
      "12": 1,
      "14": 1,
      "15": 1,
      "16": 2,
      "18": 1,
      "19": 2,
      "26": 1,
      "28": 1
    },
    "9": {
      "3": 6,
      "4": 3,
      "5": 4,
      "7": 4,
      "11": 1,
      "13": 1,
      "14": 2,
      "15": 1,
      "16": 1,
      "17": 1,
      "18": 2,
      "19": 1,
      "21": 1,
      "22": 1,
      "24": 1,
      "26": 1
    },
    "10": {
      "2": 1,
      "3": 14,
      "4": 4,
      "5": 3,
      "6": 1,
      "7": 2,
      "8": 3,
      "9": 1,
      "10": 2,
      "13": 2,
      "14": 2,
      "16": 1,
      "18": 2,
      "21": 1,
      "22": 1,
      "23": 1,
      "25": 1
    },
    "11": {
      "3": 10,
      "4": 7,
      "6": 3,
      "7": 2,
      "8": 1,
      "10": 1,
      "11": 2,
      "15": 1,
      "16": 1,
      "22": 1
    },
    "12": {
      "3": 7,
      "4": 5,
      "5": 1,
      "7": 1,
      "9": 2,
      "11": 1,
      "12": 2,
      "15": 1,
      "18": 2,
      "21": 1
    },
    "13": {
      "3": 7,
      "4": 3,
      "5": 1,
      "6": 5,
      "7": 1,
      "8": 2,
      "9": 1,
      "10": 1,
      "11": 1,
      "14": 2,
      "20": 1,
      "24": 2,
      "27": 2,
      "38": 1
    },
    "14": {
      "3": 8,
      "4": 1,
      "5": 1,
      "7": 1,
      "12": 1,
      "14": 1,
      "15": 2,
      "17": 2,
      "22": 1,
      "24": 1,
      "35": 1,
      "36": 1,
      "37": 1
    },
    "15": {
      "3": 5,
      "4": 1,
      "7": 1,
      "9": 2,
      "10": 1,
      "11": 1,
      "12": 1,
      "13": 1,
      "15": 1
    },
    "16": {
      "3": 1,
      "4": 1,
      "5": 1,
      "30": 1
    },
    "17": {
      "4": 3,
      "14": 1,
      "32": 1
    },
    "18": {
      "4": 1,
      "5": 1
    },
    "19": {
      "9": 1,
      "20": 1,
      "32": 1
    },
    "20": {
      "3": 1
    },
    "22": {
      "17": 1,
      "25": 1
    },
    "23": {
      "3": 1,
      "9": 1,
      "37": 1
    },
    "24": {
      "18": 1
    },
    "25": {
      "23": 1
    },
    "28": {
      "19": 1
    },
    "31": {
      "24": 1,
      "31": 1
    },
    "35": {
      "12": 1
    },
    "36": {
      "37": 1
    },
    "47": {
      "20": 1
    },
    "60": {
      "45": 1
    }
  }
}