{
  "repo": "intellij-community",
  "totalMethods": 3122,
  "totalHistoryEquals1": 626,
  "totalHistory2To5": 1912,
  "totalHistory6To10": 442,
  "totalHistoryGt10": 142,
  "totalHistoryCount": {
    "0": 29,
    "1": 626,
    "2": 857,
    "3": 484,
    "4": 278,
    "5": 264,
    "6": 155,
    "7": 101,
    "8": 91,
    "9": 57,
    "10": 38,
    "11": 26,
    "12": 17,
    "13": 21,
    "14": 10,
    "15": 8,
    "16": 17,
    "17": 7,
    "18": 5,
    "19": 6,
    "20": 1,
    "21": 3,
    "22": 2,
    "23": 1,
    "24": 3,
    "25": 4,
    "26": 2,
    "27": 2,
    "28": 1,
    "31": 1,
    "33": 1,
    "37": 1,
    "40": 1,
    "44": 1,
    "49": 1
  },
  "avgSizeShovel": 3.7764253683536193,
  "avgSizeBase": 2.167841127482383,
  "medianSizeShovel": 3,
  "medianSizeBase": 1,
  "changeStats": {
    "Yfilerename": 3064,
    "Yintroduced": 3070,
    "Ybodychange": 5061,
    "Yreturntypechange": 216,
    "Yparameterchange": 653,
    "Ymodifierchange": 204,
    "Yrename": 218,
    "Ymovefromfile": 268,
    "Yexceptionschange": 122,
    "Yparametermetachange": 315
  },
  "countSmallMethodsForOneChange": 407,
  "countSmallMethodsForMoreThanOneChange": 983,
  "avgMethodSizeOneChange": 5.675718849840256,
  "avgMethodsMoreThanOneChange": 10.396634615384615,
  "statsMethodsOneChange": {
    "setters": 24,
    "getters": 229,
    "tests": 47
  },
  "methodSizeStatsLeftNumChangesRightNumLinesNumMethods": {
    "0": {
      "3": 20,
      "6": 3,
      "7": 1,
      "9": 1,
      "13": 1,
      "14": 1,
      "19": 1,
      "22": 1
    },
    "1": {
      "1": 5,
      "2": 14,
      "3": 368,
      "4": 38,
      "5": 27,
      "6": 25,
      "7": 26,
      "8": 16,
      "9": 17,
      "10": 11,
      "11": 12,
      "12": 10,
      "13": 10,
      "14": 6,
      "15": 3,
      "16": 4,
      "17": 9,
      "18": 8,
      "21": 5,
      "22": 3,
      "23": 2,
      "29": 1,
      "30": 1,
      "32": 1,
      "33": 2,
      "36": 1,
      "41": 1,
      "83": 1
    },
    "2": {
      "1": 4,
      "2": 18,
      "3": 420,
      "4": 69,
      "5": 37,
      "6": 49,
      "7": 32,
      "8": 32,
      "9": 36,
      "10": 24,
      "11": 16,
      "12": 16,
      "13": 17,
      "14": 11,
      "15": 13,
      "16": 6,
      "17": 8,
      "18": 5,
      "19": 8,
      "20": 4,
      "21": 3,
      "22": 5,
      "23": 4,
      "24": 4,
      "25": 5,
      "26": 1,
      "28": 1,
      "29": 2,
      "31": 2,
      "36": 2,
      "41": 1,
      "42": 1,
      "52": 1,
      "59": 1
    },
    "3": {
      "2": 6,
      "3": 205,
      "4": 32,
      "5": 18,
      "6": 12,
      "7": 21,
      "8": 29,
      "9": 19,
      "10": 15,
      "11": 11,
      "12": 13,
      "13": 6,
      "14": 12,
      "15": 12,
      "16": 8,
      "17": 11,
      "18": 3,
      "19": 2,
      "20": 4,
      "21": 5,
      "22": 4,
      "23": 6,
      "24": 2,
      "25": 1,
      "26": 3,
      "27": 1,
      "28": 1,
      "29": 1,
      "30": 1,
      "31": 2,
      "33": 6,
      "34": 3,
      "36": 2,
      "38": 1,
      "39": 2,
      "40": 1,
      "44": 1,
      "49": 2,
      "68": 1
    },
    "4": {
      "2": 4,
      "3": 111,
      "4": 11,
      "5": 22,
      "6": 8,
      "7": 15,
      "8": 20,
      "9": 16,
      "10": 10,
      "11": 7,
      "12": 6,
      "13": 10,
      "14": 7,
      "15": 5,
      "16": 2,
      "17": 2,
      "19": 2,
      "20": 3,
      "21": 2,
      "22": 1,
      "23": 2,
      "24": 1,
      "26": 1,
      "27": 2,
      "28": 1,
      "29": 1,
      "30": 1,
      "35": 2,
      "41": 1,
      "43": 1,
      "114": 1
    },
    "5": {
      "1": 1,
      "2": 9,
      "3": 104,
      "4": 8,
      "5": 7,
      "6": 13,
      "7": 8,
      "8": 6,
      "9": 3,
      "10": 11,
      "11": 5,
      "12": 10,
      "13": 9,
      "14": 7,
      "15": 8,
      "16": 4,
      "17": 4,
      "19": 3,
      "20": 3,
      "21": 1,
      "22": 4,
      "23": 2,
      "24": 3,
      "25": 1,
      "26": 2,
      "27": 4,
      "28": 1,
      "29": 2,
      "30": 4,
      "32": 3,
      "33": 4,
      "34": 2,
      "35": 1,
      "37": 1,
      "38": 2,
      "43": 1,
      "47": 1,
      "51": 1,
      "52": 1,
      "65": 1
    },
    "6": {
      "2": 1,
      "3": 43,
      "4": 9,
      "5": 11,
      "6": 8,
      "7": 8,
      "8": 7,
      "9": 7,
      "10": 5,
      "11": 3,
      "12": 2,
      "13": 4,
      "14": 4,
      "15": 4,
      "16": 6,
      "17": 3,
      "18": 3,
      "19": 2,
      "20": 1,
      "21": 3,
      "22": 1,
      "23": 1,
      "24": 2,
      "26": 3,
      "28": 1,
      "30": 2,
      "31": 1,
      "35": 1,
      "36": 2,
      "38": 1,
      "42": 1,
      "44": 2,
      "55": 2,
      "56": 1,
      "83": 1
    },
    "7": {
      "3": 14,
      "4": 13,
      "5": 7,
      "6": 4,
      "7": 4,
      "8": 2,
      "9": 7,
      "10": 7,
      "11": 2,
      "12": 2,
      "13": 2,
      "14": 1,
      "15": 4,
      "16": 2,
      "17": 1,
      "19": 1,
      "20": 2,
      "21": 2,
      "23": 2,
      "24": 3,
      "25": 2,
      "29": 4,
      "30": 1,
      "31": 1,
      "32": 1,
      "35": 1,
      "38": 1,
      "39": 2,
      "42": 1,
      "44": 1,
      "45": 1,
      "46": 1,
      "50": 1,
      "75": 1
    },
    "8": {
      "2": 1,
      "3": 13,
      "4": 6,
      "5": 7,
      "6": 5,
      "7": 4,
      "8": 1,
      "9": 2,
      "10": 4,
      "11": 3,
      "12": 1,
      "13": 1,
      "14": 2,
      "15": 3,
      "16": 5,
      "17": 3,
      "18": 1,
      "19": 2,
      "20": 3,
      "21": 3,
      "23": 2,
      "26": 1,
      "27": 3,
      "31": 2,
      "33": 1,
      "34": 2,
      "35": 1,
      "36": 1,
      "39": 1,
      "40": 2,
      "41": 1,
      "42": 1,
      "47": 1,
      "50": 1,
      "74": 1
    },
    "9": {
      "3": 12,
      "4": 1,
      "5": 2,
      "6": 2,
      "7": 2,
      "8": 4,
      "9": 2,
      "10": 3,
      "11": 6,
      "12": 3,
      "13": 1,
      "14": 2,
      "18": 1,
      "19": 1,
      "21": 1,
      "23": 1,
      "25": 1,
      "26": 2,
      "27": 1,
      "33": 2,
      "35": 1,
      "36": 1,
      "39": 1,
      "47": 2,
      "50": 1,
      "68": 1,
      "70": 1
    },
    "10": {
      "3": 6,
      "4": 1,
      "6": 5,
      "7": 1,
      "8": 3,
      "9": 4,
      "11": 1,
      "12": 1,
      "14": 1,
      "19": 2,
      "22": 2,
      "24": 1,
      "27": 1,
      "28": 1,
      "31": 1,
      "35": 1,
      "45": 2,
      "46": 1,
      "54": 1,
      "56": 1,
      "70": 1
    },
    "11": {
      "3": 1,
      "5": 1,
      "7": 1,
      "8": 1,
      "10": 2,
      "11": 1,
      "13": 4,
      "19": 2,
      "23": 1,
      "24": 1,
      "25": 1,
      "30": 5,
      "33": 1,
      "46": 1,
      "50": 1,
      "51": 1,
      "52": 1,
      "74": 1
    },
    "12": {
      "3": 2,
      "7": 1,
      "8": 1,
      "10": 1,
      "12": 1,
      "15": 1,
      "17": 1,
      "18": 1,
      "19": 1,
      "22": 1,
      "26": 2,
      "29": 1,
      "34": 1,
      "38": 1,
      "63": 1,
      "70": 1
    },
    "13": {
      "3": 1,
      "4": 1,
      "8": 2,
      "9": 1,
      "10": 1,
      "11": 1,
      "13": 3,
      "17": 1,
      "18": 2,
      "21": 1,
      "26": 1,
      "31": 1,
      "32": 2,
      "40": 1,
      "52": 1,
      "108": 1
    },
    "14": {
      "3": 2,
      "5": 1,
      "14": 1,
      "26": 1,
      "28": 1,
      "32": 2,
      "54": 1,
      "79": 1
    },
    "15": {
      "3": 2,
      "13": 1,
      "24": 1,
      "26": 1,
      "30": 1,
      "54": 1,
      "89": 1
    },
    "16": {
      "3": 2,
      "8": 2,
      "10": 1,
      "14": 2,
      "18": 1,
      "29": 1,
      "46": 1,
      "49": 1,
      "52": 1,
      "58": 1,
      "61": 1,
      "64": 1,
      "106": 1,
      "120": 1
    },
    "17": {
      "5": 1,
      "19": 1,
      "20": 1,
      "22": 1,
      "23": 1,
      "50": 1,
      "105": 1
    },
    "18": {
      "15": 1,