{
  "repo": "jgit",
  "totalMethods": 8277,
  "totalHistoryEquals1": 3790,
  "totalHistory2To5": 3894,
  "totalHistory6To10": 453,
  "totalHistoryGt10": 140,
  "totalHistoryCount": {
    "0": 110,
    "1": 3790,
    "2": 2112,
    "3": 908,
    "4": 510,
    "5": 254,
    "6": 163,
    "7": 127,
    "8": 81,
    "9": 49,
    "10": 33,
    "11": 30,
    "12": 22,
    "13": 13,
    "14": 12,
    "15": 11,
    "16": 6,
    "17": 4,
    "18": 6,
    "19": 6,
    "20": 4,
    "21": 1,
    "22": 6,
    "23": 1,
    "24": 5,
    "25": 1,
    "27": 1,
    "28": 2,
    "29": 2,
    "31": 1,
    "36": 2,
    "38": 1,
    "39": 1,
    "40": 1,
    "41": 1
  },
  "avgSizeShovel": 2.370303249969796,
  "avgSizeBase": 1.9548145463332125,
  "medianSizeShovel": 2,
  "medianSizeBase": 1,
  "changeStats": {
    "Yfilerename": 1657,
    "Yintroduced": 8148,
    "Ybodychange": 7886,
    "Yparametermetachange": 1277,
    "Yrename": 242,
    "Ymodifierchange": 459,
    "Yreturntypechange": 226,
    "Yparameterchange": 714,
    "Yexceptionschange": 305,
    "Ymovefromfile": 374
  },
  "countSmallMethodsForOneChange": 1986,
  "countSmallMethodsForMoreThanOneChange": 1205,
  "avgMethodSizeOneChange": 6.878364116094986,
  "avgMethodsMoreThanOneChange": 14.284822821484289,
  "statsMethodsOneChange": {
    "setters": 150,
    "getters": 1016,
    "tests": 1
  },
  "methodSizeStatsLeftNumChangesRightNumLinesNumMethods": {
    "0": {
      "3": 43,
      "4": 16,
      "5": 8,
      "6": 2,
      "7": 7,
      "8": 2,
      "9": 5,
      "10": 2,
      "11": 2,
      "12": 4,
      "13": 3,
      "14": 2,
      "15": 1,
      "16": 1,
      "18": 1,
      "19": 1,
      "20": 3,
      "22": 1,
      "23": 1,
      "31": 1,
      "44": 1,
      "53": 1,
      "111": 1,
      "129": 1
    },
    "1": {
      "1": 1,
      "3": 1942,
      "4": 374,
      "5": 245,
      "6": 167,
      "7": 154,
      "8": 138,
      "9": 105,
      "10": 88,
      "11": 56,
      "12": 57,
      "13": 54,
      "14": 43,
      "15": 36,
      "16": 35,
      "17": 28,
      "18": 16,
      "19": 30,
      "20": 17,
      "21": 23,
      "22": 16,
      "23": 11,
      "24": 19,
      "25": 14,
      "26": 7,
      "27": 6,
      "28": 11,
      "29": 7,
      "30": 7,
      "31": 7,
      "32": 7,
      "33": 7,
      "34": 5,
      "35": 9,
      "36": 1,
      "37": 4,
      "38": 2,
      "39": 2,
      "40": 4,
      "41": 2,
      "43": 4,
      "44": 2,
      "45": 1,
      "46": 1,
      "48": 1,
      "49": 2,
      "50": 2,
      "51": 1,
      "52": 1,
      "55": 1,
      "57": 2,
      "59": 1,
      "62": 1,
      "63": 1,
      "64": 2,
      "66": 2,
      "74": 1,
      "76": 1,
      "77": 1,
      "84": 1,
      "95": 1,
      "115": 1,
      "233": 1,
      "371": 1
    },
    "2": {
      "3": 813,
      "4": 218,
      "5": 163,
      "6": 121,
      "7": 133,
      "8": 111,
      "9": 64,
      "10": 47,
      "11": 36,
      "12": 59,
      "13": 32,
      "14": 29,
      "15": 29,
      "16": 22,
      "17": 30,
      "18": 18,
      "19": 17,
      "20": 17,
      "21": 11,
      "22": 14,
      "23": 6,
      "24": 9,
      "25": 11,
      "26": 5,
      "27": 9,
      "28": 5,
      "29": 5,
      "30": 3,
      "31": 7,
      "32": 4,
      "33": 5,
      "34": 5,
      "35": 2,
      "36": 1,
      "37": 4,
      "38": 4,
      "39": 1,
      "40": 5,
      "41": 4,
      "42": 2,
      "43": 3,
      "44": 2,
      "45": 1,
      "46": 1,
      "47": 3,
      "48": 2,
      "49": 3,
      "50": 2,
      "52": 3,
      "54": 2,
      "55": 1,
      "60": 1,
      "61": 1,
      "62": 1,
      "64": 1,
      "66": 1,
      "72": 1,
      "79": 1,
      "112": 1
    },
    "3": {
      "3": 241,
      "4": 81,
      "5": 57,
      "6": 59,
      "7": 61,
      "8": 40,
      "9": 41,
      "10": 28,
      "11": 27,
      "12": 21,
      "13": 20,
      "14": 20,
      "15": 15,
      "16": 13,
      "17": 12,
      "18": 11,
      "19": 6,
      "20": 10,
      "21": 11,
      "22": 9,
      "23": 10,
      "24": 11,
      "25": 2,
      "26": 6,
      "27": 5,
      "28": 6,
      "29": 9,
      "30": 2,
      "31": 6,
      "32": 4,
      "33": 4,
      "34": 3,
      "35": 5,
      "36": 5,
      "37": 4,
      "38": 2,
      "39": 3,
      "40": 1,
      "41": 2,
      "42": 1,
      "43": 2,
      "45": 1,
      "46": 2,
      "47": 3,
      "48": 3,
      "49": 2,
      "51": 2,
      "55": 1,
      "59": 4,
      "62": 1,
      "65": 2,
      "68": 1,
      "69": 4,
      "70": 1,
      "75": 2,
      "85": 1,
      "88": 1,
      "108": 1
    },
    "4": {
      "3": 91,
      "4": 30,
      "5": 36,
      "6": 29,
      "7": 23,
      "8": 18,
      "9": 27,
      "10": 24,
      "11": 19,
      "12": 12,
      "13": 15,
      "14": 19,
      "15": 10,
      "16": 12,
      "17": 7,
      "18": 14,
      "19": 8,
      "20": 9,
      "21": 11,
      "22": 9,
      "23": 5,
      "24": 6,
      "25": 6,
      "26": 1,
      "27": 6,
      "28": 2,
      "29": 7,
      "30": 2,
      "31": 2,
      "32": 7,
      "33": 2,
      "34": 4,
      "35": 3,
      "36": 1,
      "38": 1,
      "39": 1,
      "41": 2,
      "43": 5,
      "45": 1,
      "46": 2,
      "47": 1,
      "48": 3,
      "50": 2,
      "51": 2,
      "53": 2,
      "54": 1,
      "55": 1,
      "56": 1,
      "57": 1,
      "58": 1,
      "61": 1,
      "63": 1,
      "68": 1,
      "78": 1,
      "80": 1,
      "94": 1
    },
    "5": {
      "3": 32,
      "4": 13,
      "5": 11,
      "6": 11,
      "7": 9,
      "8": 10,
      "9": 12,
      "10": 9,
      "11": 10,
      "12": 7,
      "13": 7,
      "14": 8,
      "15": 6,
      "16": 6,
      "17": 7,
      "18": 6,
      "19": 7,
      "20": 4,
      "21": 6,
      "22": 3,
      "23": 3,
      "24": 4,
      "25": 5,
      "26": 4,
      "27": 4,
      "28": 6,
      "31": 5,
      "32": 2,
      "33": 1,
      "34": 3,
      "35": 3,
      "36": 2,
      "37": 3,
      "38": 2,
      "40": 1,
      "41": 1,
      "42": 3,
      "43": 1,
      "44": 1,
      "45": 1,
      "47": 1,
      "49": 1,
      "52": 2,
      "57": 1,
      "58": 1,
      "59": 2,
      "65": 1,
      "66": 1,
      "68": 1,
      "69": 1,
      "80": 1,
      "92": 1,
      "132": 1
    },
    "6": {
      "3": 10,
      "4": 4,
      "5": 4,
      "6": 9,
      "7": 5,
      "8": 4,
      "9": 7,
      "10": 11,
      "11": 5,
      "12": 5,
      "13": 7,
      "14": 5,
      "15": 5,
      "16": 4,
      "17": 1,
      "18": 2,
      "19": 1,
      "20": 5,
      "21": 5,
      "22": 3,
      "23": 3,
      "24": 4,
      "25": 5,
      "26": 5,
      "27": 2,
      "28": 1,
      "29": 1,
      "31": 2,
      "32": 2,
      "33": 2,
      "34": 1,
      "35": 1,
      "36": 1,
      "37": 1,
      "38": 1,
      "39": 3,
      "40": 2,
      "41": 2,
      "43": 1,
      "45": 2,
      "46": 1,
      "48": 1,
      "50": 1,
      "52": 2,
      "57": 1,
      "59": 1,
      "63": 1,
      "66": 1,
      "67": 1,
      "69": 1,
      "75": 2,
      "81": 1,
      "91": 2,
      "92": 1,
      "140": 1,
      "173": 1
    },
    "7": {
      "3": 10,
      "4": 6,
      "5": 5,
      "6": 6,
      "7": 3,
      "8": 3,
      "10": 5,
      "11": 2,
      "12": 2,
      "13": 2,
      "14": 3,
      "15": 2,
      "16": 3,
      "17": 5,
      "18": 3,
      "19": 2,
      "20": 1,
      "21": 2,
      "22": 4,
      "24": 3,
      "25": 3,
      "26": 1,
      "27": 3,
      "28": 2,
      "29": 2,
      "30": 1,
      "31": 3,
      "33": 6,
      "34": 2,
      "35": 1,
      "36": 2,
      "38": 3,
      "39": 1,
      "41": 1,
      "42": 2,
      "43": 2,
      "46": 3,
      "47": 2,
      "48": 1,
      "51": 1,
      "52": 1,
      "53": 1,
      "54": 1,
      "55": 2,
      "57": 1,
      "58": 1,
      "59": 1,
      "64": 1,
      "75": 1,
      "82": 1,
      "90": 1,
      "97": 1
    },
    "8": {
      "3": 4,
      "4": 2,
      "5": 1,