{
  "repo": "javaparser",
  "totalMethods": 3613,
  "totalHistoryEquals1": 1107,
  "totalHistory2To5": 1628,
  "totalHistory6To10": 549,
  "totalHistoryGt10": 329,
  "totalHistoryCount": {
    "0": 36,
    "1": 1107,
    "2": 674,
    "3": 464,
    "4": 275,
    "5": 179,
    "6": 205,
    "7": 129,
    "8": 75,
    "9": 76,
    "10": 64,
    "11": 57,
    "12": 36,
    "13": 39,
    "14": 40,
    "15": 26,
    "16": 25,
    "17": 14,
    "18": 18,
    "19": 13,
    "20": 12,
    "21": 8,
    "22": 7,
    "23": 5,
    "24": 3,
    "25": 8,
    "26": 1,
    "27": 4,
    "29": 1,
    "30": 2,
    "31": 1,
    "32": 1,
    "36": 1,
    "43": 2,
    "47": 1,
    "49": 1,
    "57": 1,
    "66": 1,
    "85": 1
  },
  "avgSizeShovel": 4.230556324384168,
  "avgSizeBase": 1.5452532521450317,
  "medianSizeShovel": 2,
  "medianSizeBase": 1,
  "changeStats": {
    "Yfilerename": 4602,
    "Yintroduced": 3473,
    "Ybodychange": 5677,
    "Ymodifierchange": 323,
    "Yexceptionschange": 19,
    "Yparameterchange": 903,
    "Ymovefromfile": 375,
    "Yrename": 281,
    "Yreturntypechange": 1135,
    "Yparametermetachange": 321
  },
  "countSmallMethodsForOneChange": 875,
  "countSmallMethodsForMoreThanOneChange": 1322,
  "avgMethodSizeOneChange": 4.335140018066848,
  "avgMethodsMoreThanOneChange": 8.998004788507583,
  "statsMethodsOneChange": {
    "setters": 3,
    "getters": 340,
    "tests": 0
  },
  "methodSizeStatsLeftNumChangesRightNumLinesNumMethods": {
    "0": {
      "3": 15,
      "4": 14,
      "5": 2,
      "7": 2,
      "9": 1,
      "13": 1,
      "16": 1
    },
    "1": {
      "1": 1,
      "3": 859,
      "4": 35,
      "5": 68,
      "6": 24,
      "7": 21,
      "8": 29,
      "9": 7,
      "10": 5,
      "11": 20,
      "12": 4,
      "13": 3,
      "14": 2,
      "15": 1,
      "16": 4,
      "17": 3,
      "18": 1,
      "19": 3,
      "20": 2,
      "22": 2,
      "24": 1,
      "25": 2,
      "27": 1,
      "30": 1,
      "33": 1,
      "34": 1,
      "35": 1,
      "44": 2,
      "47": 1,
      "53": 1,
      "60": 1
    },
    "2": {
      "2": 42,
      "3": 330,
      "4": 20,
      "5": 49,
      "6": 39,
      "7": 32,
      "8": 18,
      "9": 36,
      "10": 15,
      "11": 14,
      "12": 11,
      "13": 12,
      "14": 2,
      "15": 7,
      "16": 4,
      "17": 14,
      "19": 1,
      "20": 1,
      "21": 8,
      "22": 2,
      "25": 1,
      "28": 3,
      "29": 2,
      "30": 1,
      "33": 1,
      "37": 1,
      "41": 1,
      "42": 1,
      "43": 1,
      "50": 1,
      "53": 1,
      "64": 1,
      "95": 1,
      "292": 1
    },
    "3": {
      "1": 1,
      "3": 266,
      "4": 18,
      "5": 17,
      "6": 25,
      "7": 16,
      "8": 13,
      "9": 13,
      "10": 8,
      "11": 13,
      "12": 8,
      "13": 6,
      "14": 5,
      "15": 4,
      "16": 2,
      "17": 8,
      "18": 3,
      "19": 2,
      "21": 1,
      "22": 2,
      "23": 1,
      "27": 2,
      "28": 3,
      "29": 2,
      "30": 1,
      "31": 2,
      "32": 1,
      "34": 1,
      "39": 2,
      "40": 1,
      "44": 1,
      "49": 2,
      "53": 1,
      "55": 1,
      "57": 1,
      "60": 1,
      "66": 1,
      "75": 1,
      "80": 1,
      "82": 1,
      "86": 1,
      "88": 1,
      "99": 1,
      "109": 1,
      "181": 1,
      "201": 1,
      "228": 1
    },
    "4": {
      "3": 186,
      "4": 13,
      "5": 2,
      "6": 9,
      "7": 6,
      "8": 6,
      "9": 7,
      "10": 7,
      "11": 6,
      "12": 3,
      "13": 4,
      "14": 1,
      "15": 5,
      "16": 2,
      "17": 1,
      "18": 1,
      "19": 2,
      "21": 3,
      "22": 1,
      "25": 2,
      "26": 1,
      "27": 2,
      "36": 1,
      "41": 2,
      "56": 1,
      "72": 1
    },
    "5": {
      "1": 8,
      "3": 90,
      "4": 10,
      "5": 8,
      "6": 7,
      "7": 2,
      "8": 19,
      "9": 2,
      "10": 3,
      "11": 7,
      "13": 2,
      "15": 4,
      "16": 2,
      "17": 1,
      "18": 3,
      "19": 1,
      "20": 1,
      "22": 1,
      "23": 1,
      "25": 1,
      "36": 1,
      "43": 1,
      "59": 1,
      "70": 1,
      "158": 1
    },
    "6": {
      "3": 155,
      "4": 2,
      "5": 9,
      "6": 2,
      "7": 6,
      "8": 2,
      "9": 6,
      "10": 6,
      "11": 1,
      "12": 1,
      "13": 4,
      "14": 1,
      "21": 1,
      "22": 1,
      "23": 1,
      "27": 1,
      "36": 3,
      "37": 1,
      "57": 1,
      "103": 1
    },
    "7": {
      "3": 79,
      "4": 6,
      "5": 5,
      "6": 4,
      "7": 8,
      "8": 1,
      "9": 4,
      "10": 2,
      "11": 1,
      "12": 4,
      "13": 2,
      "14": 3,
      "15": 1,
      "16": 3,
      "17": 1,
      "28": 1,
      "32": 1,
      "37": 1,
      "55": 1,
      "219": 1
    },
    "8": {
      "3": 44,
      "4": 4,
      "5": 3,
      "6": 1,
      "7": 1,
      "8": 3,
      "9": 4,
      "11": 1,
      "12": 2,
      "13": 2,
      "18": 1,
      "19": 1,
      "23": 2,
      "25": 2,
      "26": 1,
      "29": 1,
      "30": 1,
      "76": 1
    },
    "9": {
      "3": 31,
      "4": 7,
      "5": 3,
      "6": 3,
      "7": 3,
      "8": 8,
      "9": 5,
      "10": 1,
      "11": 2,
      "12": 1,
      "14": 1,
      "16": 1,
      "17": 2,
      "18": 3,
      "22": 1,
      "36": 1,
      "42": 1,
      "46": 1,
      "53": 1
    },
    "10": {
      "3": 24,
      "4": 5,
      "5": 4,
      "6": 5,
      "7": 3,
      "8": 7,
      "9": 1,
      "10": 1,
      "11": 1,
      "12": 3,
      "13": 2,
      "14": 2,
      "15": 1,
      "17": 1,
      "21": 1,
      "35": 1,
      "43": 1,
      "46": 1
    },
    "11": {
      "3": 21,
      "4": 4,
      "5": 2,
      "6": 4,
      "7": 5,
      "8": 2,
      "9": 4,
      "10": 1,
      "12": 1,
      "14": 3,
      "16": 1,
      "17": 1,
      "18": 1,
      "20": 1,
      "23": 1,
      "25": 1,
      "29": 1,
      "37": 1,
      "48": 1,
      "49": 1
    },
    "12": {
      "3": 13,
      "4": 1,
      "7": 3,
      "8": 2,
      "9": 4,
      "10": 2,
      "12": 1,
      "15": 2,
      "17": 1,
      "20": 1,
      "23": 2,
      "29": 1,
      "31": 1,
      "40": 1,
      "106": 1
    },
    "13": {
      "3": 11,
      "5": 1,
      "6": 3,
      "8": 1,
      "9": 1,
      "10": 1,
      "12": 7,
      "15": 2,
      "17": 1,
      "19": 2,
      "20": 1,
      "23": 1,
      "25": 1,
      "28": 1,
      "29": 1,
      "33": 2,
      "44": 1,
      "92": 1
    },
    "14": {
      "3": 4,
      "4": 3,
      "6": 5,
      "8": 1,
      "9": 1,
      "10": 2,
      "11": 2,
      "12": 10,
      "14": 3,
      "15": 2,
      "16": 1,
      "17": 1,
      "25": 1,
      "30": 1,
      "34": 1,
      "47": 1,
      "109": 1
    },
    "15": {
      "3": 2,
      "4": 2,
      "7": 1,
      "8": 3,
      "9": 3,
      "11": 1,
      "12": 6,
      "16": 1,
      "17": 1,
      "23": 1,
      "26": 1,
      "34": 1,
      "42": 1,
      "46": 1,
      "56": 1
    },
    "16": {
      "3": 5,
      "8": 1,
      "11": 5,
      "12": 3,
      "13": 1,
      "15": 1,
      "17": 1,
      "20": 1,
      "23": 1,
      "26": 1,
      "28": 1,
      "29": 1,
      "30": 1,
      "33": 1,
      "48": 1
    },
    "17": {
      "10": 1,
      "12": 5,
      "13": 2,
      "16": 1,
      "21": 1,
      "32": 1,
      "34": 1,
      "52": 1,
      "59": 1
    },
    "18": {
      "3": 2,
      "8": 1,
      "9": 1,
      "12": 6,
      "14": 1,
      "16": 4,
      "48": 1,
      "51": 1,
      "156": 1
    },
    "19": {
      "3": 1,
      "11": 1,
      "12": 3,
      "13": 1,
      "15": 1,
      "19": 1,
      "22": 1,
      "23": 1,
      "27": 1,
      "28": 1,
      "43": 1
    },
    "20": {
      "7": 1,
      "8": 1,
      "10": 1,
      "11": 1,
      "14": 1,
      "23": 1,
      "24": 1,
      "25": 1,
      "32": 1,
      "35": 1,
      "49": 1,
      "57": 1
    },
    "21": {
      "9": 1,
      "11": 1,
      "15": 1,
      "21": 1,
      "25": 1,
      "31": 1,
      "32": 1,