{
  "repo": "elasticsearch",
  "totalMethods": 7689,
  "totalHistoryEquals1": 739,
  "totalHistory2To5": 4773,
  "totalHistory6To10": 1461,
  "totalHistoryGt10": 716,
  "totalHistoryCount": {
    "0": 64,
    "1": 739,
    "2": 1369,
    "3": 1555,
    "4": 1007,
    "5": 778,
    "6": 498,
    "7": 409,
    "8": 259,
    "9": 166,
    "10": 129,
    "11": 101,
    "12": 91,
    "13": 48,
    "14": 52,
    "15": 49,
    "16": 48,
    "17": 27,
    "18": 21,
    "19": 23,
    "20": 18,
    "21": 15,
    "22": 18,
    "23": 17,
    "24": 9,
    "25": 11,
    "26": 8,
    "27": 15,
    "28": 5,
    "29": 12,
    "30": 9,
    "31": 5,
    "32": 7,
    "33": 6,
    "34": 4,
    "35": 9,
    "36": 4,
    "37": 5,
    "38": 3,
    "39": 6,
    "40": 10,
    "41": 5,
    "42": 5,
    "43": 4,
    "44": 1,
    "45": 4,
    "46": 1,
    "47": 3,
    "48": 2,
    "49": 2,
    "50": 3,
    "51": 3,
    "52": 3,
    "53": 2,
    "54": 1,
    "56": 1,
    "57": 1,
    "61": 1,
    "62": 1,
    "63": 2,
    "64": 1,
    "65": 4,
    "67": 1,
    "70": 1,
    "71": 1,
    "74": 1,
    "75": 1,
    "78": 1,
    "81": 1,
    "91": 2,
    "115": 1
  },
  "avgSizeShovel": 5.441279750292626,
  "avgSizeBase": 0.44166991806476785,
  "medianSizeShovel": 4,
  "medianSizeBase": 0,
  "changeStats": {
    "Ybodychange": 18543,
    "Yintroduced": 7504,
    "Yfilerename": 13686,
    "Yrename": 1386,
    "Ymovefromfile": 981,
    "Ymodifierchange": 720,
    "Yparameterchange": 2604,
    "Yreturntypechange": 1238,
    "Yexceptionschange": 572,
    "Yparametermetachange": 222
  },
  "countSmallMethodsForOneChange": 377,
  "countSmallMethodsForMoreThanOneChange": 3005,
  "avgMethodSizeOneChange": 6.491204330175913,
  "avgMethodsMoreThanOneChange": 8.870791366906476,
  "statsMethodsOneChange": {
    "setters": 28,
    "getters": 110,
    "tests": 0
  },
  "methodSizeStatsLeftNumChangesRightNumLinesNumMethods": {
    "0": {
      "3": 31,
      "4": 6,
      "5": 3,
      "6": 8,
      "7": 3,
      "8": 1,
      "9": 4,
      "10": 1,
      "11": 2,
      "12": 1,
      "16": 1,
      "20": 1,
      "27": 1,
      "33": 1
    },
    "1": {
      "1": 6,
      "2": 1,
      "3": 339,
      "4": 118,
      "5": 45,
      "6": 28,
      "7": 24,
      "8": 18,
      "9": 15,
      "10": 31,
      "11": 21,
      "12": 12,
      "13": 15,
      "14": 7,
      "15": 7,
      "16": 6,
      "17": 5,
      "18": 4,
      "19": 5,
      "20": 1,
      "21": 1,
      "22": 2,
      "23": 3,
      "24": 2,
      "25": 3,
      "27": 3,
      "29": 1,
      "30": 1,
      "32": 2,
      "33": 1,
      "34": 3,
      "35": 1,
      "36": 1,
      "37": 1,
      "39": 2,
      "41": 1,
      "45": 1,
      "48": 1,
      "93": 1
    },
    "2": {
      "1": 20,
      "2": 3,
      "3": 762,
      "4": 208,
      "5": 73,
      "6": 52,
      "7": 58,
      "8": 27,
      "9": 21,
      "10": 22,
      "11": 22,
      "12": 17,
      "13": 14,
      "14": 5,
      "15": 11,
      "16": 8,
      "17": 3,
      "18": 6,
      "19": 1,
      "20": 5,
      "21": 3,
      "22": 4,
      "23": 1,
      "24": 3,
      "25": 3,
      "26": 2,
      "27": 1,
      "29": 1,
      "30": 2,
      "31": 1,
      "34": 1,
      "35": 2,
      "38": 3,
      "39": 1,
      "42": 1,
      "44": 1,
      "134": 1
    },
    "3": {
      "1": 5,
      "2": 2,
      "3": 817,
      "4": 320,
      "5": 85,
      "6": 52,
      "7": 60,
      "8": 25,
      "9": 31,
      "10": 29,
      "11": 19,
      "12": 11,
      "13": 9,
      "14": 9,
      "15": 11,
      "16": 10,
      "17": 5,
      "18": 5,
      "19": 5,
      "20": 3,
      "21": 4,
      "22": 5,
      "23": 3,
      "24": 2,
      "25": 4,
      "26": 3,
      "27": 3,
      "28": 2,
      "29": 1,
      "30": 3,
      "31": 1,
      "33": 1,
      "35": 1,
      "36": 1,
      "39": 1,
      "41": 2,
      "45": 1,
      "46": 2,
      "68": 1,
      "96": 1
    },
    "4": {
      "1": 2,
      "2": 1,
      "3": 520,
      "4": 170,
      "5": 46,
      "6": 36,
      "7": 51,
      "8": 29,
      "9": 32,
      "10": 12,
      "11": 20,
      "12": 11,
      "13": 4,
      "14": 6,
      "15": 10,
      "16": 10,
      "17": 6,
      "18": 4,
      "19": 5,
      "20": 3,
      "21": 3,
      "22": 1,
      "23": 2,
      "24": 1,
      "25": 1,
      "26": 1,
      "27": 1,
      "28": 2,
      "30": 2,
      "31": 1,
      "32": 1,
      "33": 1,
      "34": 2,
      "35": 1,
      "36": 1,
      "37": 1,
      "38": 1,
      "39": 1,
      "40": 1,
      "45": 2,
      "48": 1,
      "58": 1,
      "66": 1
    },
    "5": {
      "1": 8,
      "2": 3,
      "3": 381,
      "4": 114,
      "5": 20,
      "6": 23,
      "7": 31,
      "8": 24,
      "9": 24,
      "10": 16,
      "11": 26,
      "12": 13,
      "13": 15,
      "14": 13,
      "15": 6,
      "16": 2,
      "17": 6,
      "18": 6,
      "19": 3,
      "20": 4,
      "21": 1,
      "22": 3,
      "23": 2,
      "24": 3,
      "25": 4,
      "26": 3,
      "27": 2,
      "29": 4,
      "30": 1,
      "31": 2,
      "32": 2,
      "33": 1,
      "34": 1,
      "35": 3,
      "36": 1,
      "39": 2,
      "42": 1,
      "44": 1,
      "68": 1,
      "93": 1,
      "149": 1
    },
    "6": {
      "2": 6,
      "3": 177,
      "4": 99,
      "5": 16,
      "6": 15,
      "7": 28,
      "8": 10,
      "9": 25,
      "10": 12,
      "11": 20,
      "12": 7,
      "13": 10,
      "14": 7,
      "15": 11,
      "16": 8,
      "17": 3,
      "18": 4,
      "19": 4,
      "20": 2,
      "21": 2,
      "22": 4,
      "24": 3,
      "25": 4,
      "27": 1,
      "28": 1,
      "29": 1,
      "30": 3,
      "33": 2,
      "34": 1,
      "36": 1,
      "38": 1,
      "39": 1,
      "40": 1,
      "41": 2,
      "47": 1,
      "49": 1,
      "54": 1,
      "55": 1,
      "67": 1,
      "110": 1
    },
    "7": {
      "1": 1,
      "2": 2,
      "3": 119,
      "4": 86,
      "5": 15,
      "6": 15,
      "7": 20,
      "8": 15,
      "9": 18,
      "10": 18,
      "11": 9,
      "12": 5,
      "13": 4,
      "14": 6,
      "15": 7,
      "16": 7,
      "17": 3,
      "18": 4,
      "19": 2,
      "20": 3,
      "21": 4,
      "22": 5,
      "23": 2,
      "24": 2,
      "25": 2,
      "26": 3,
      "27": 4,
      "28": 3,
      "29": 4,
      "30": 2,
      "31": 2,
      "32": 2,
      "33": 1,
      "34": 1,
      "35": 1,
      "36": 1,
      "38": 1,
      "42": 1,
      "43": 1,
      "46": 1,
      "48": 1,
      "51": 1,
      "54": 1,
      "55": 1,
      "58": 1,
      "66": 1,
      "90": 1
    },
    "8": {
      "1": 5,
      "2": 1,
      "3": 61,
      "4": 53,
      "5": 7,
      "6": 12,
      "7": 6,
      "8": 15,
      "9": 12,
      "10": 9,
      "11": 7,
      "12": 7,
      "13": 5,
      "14": 8,
      "15": 5,
      "16": 2,
      "17": 4,
      "18": 3,
      "19": 4,
      "21": 4,
      "22": 1,
      "23": 3,
      "26": 1,
      "27": 2,
      "28": 1,
      "30": 2,
      "31": 2,
      "32": 1,
      "33": 1,
      "34": 1,
      "36": 1,
      "38": 3,
      "41": 1,
      "42": 1,
      "44": 1,
      "45": 1,
      "51": 1,
      "52": 1,
      "63": 1,
      "66": 1,
      "114": 1,
      "125": 1
    },
    "9": {
      "2": 2,
      "3": 37,
      "4": 19,
      "5": 9,
      "6": 5,
      "7": 5,
      "8": 7,
      "9": 7,
      "10": 10,
      "11": 2,
      "12": 5,
      "13": 9,
      "14": 5,
      "15": 3,
      "16": 2,
      "17": 3,
      "18": 2,
      "19": 3,
      "20": 4,
      "21": 1,
      "22": 1,
      "23": 1,
      "24": 2,
      "26": 1,
      "27": 1,
      "28": 1,
      "29": 2,
      "30": 3,
      "31": 1,
      "32": 1,
      "33": 1,
      "34": 1,
      "36": 1,
      "39": 2,
      "40": 1,
      "45": 2,
      "46": 1,
      "52": 1,
      "70": 1,
      "81": 1,
      "105": 1,
      "127": 1
    },
    "10": {
      "2": 1,
      "3": 19,
      "4": 16,
      "5": 6,
      "6": 6,
      "7": 6,
      "8": 4,