{
  "repo": "hibernate-search",
  "totalMethods": 5069,
  "totalHistoryEquals1": 1500,
  "totalHistory2To5": 2247,
  "totalHistory6To10": 969,
  "totalHistoryGt10": 353,
  "totalHistoryCount": {
    "0": 4,
    "1": 1500,
    "2": 755,
    "3": 523,
    "4": 535,
    "5": 430,
    "6": 332,
    "7": 295,
    "8": 145,
    "9": 112,
    "10": 85,
    "11": 62,
    "12": 47,
    "13": 28,
    "14": 39,
    "15": 21,
    "16": 24,
    "17": 15,
    "18": 12,
    "19": 10,
    "20": 18,
    "21": 8,
    "22": 10,
    "23": 8,
    "24": 8,
    "25": 8,
    "26": 6,
    "27": 7,
    "28": 4,
    "29": 2,
    "30": 1,
    "31": 2,
    "32": 5,
    "33": 1,
    "35": 1,
    "36": 1,
    "39": 2,
    "41": 1,
    "55": 1,
    "62": 1
  },
  "avgCommitDurationBaseInDays": 482.60499120216565,
  "avgCommitDurationShovelInDays": 1080.0353601793413,
  "avgSizeShovel": 4.318603274807654,
  "avgSizeBase": 1.4675478398106134,
  "medianSizeShovel": 3,
  "medianSizeBase": 1,
  "changeStats": {
    "Yintroduced": 5046,
    "Ybodychange": 7579,
    "Yfilerename": 8029,
    "Yparameterchange": 1624,
    "Yreturntypechange": 758,
    "Ymovefromfile": 840,
    "Ymodifierchange": 377,
    "Yrename": 662,
    "Yexceptionschange": 96,
    "Yparametermetachange": 23
  },
  "countSmallMethodsForOneChange": 864,
  "countSmallMethodsForMoreThanOneChange": 1532,
  "avgMethodSizeOneChange": 5.875333333333334,
  "avgMethodsMoreThanOneChange": 8.964976183804987,
  "statsMethodsOneChange": {
    "setters": 51,
    "getters": 395,
    "tests": 0
  },
  "methodSizeStatsLeftNumChangesRightNumLinesNumMethods": {
    "0": {
      "3": 4
    },
    "1": {
      "1": 1,
      "2": 6,
      "3": 853,
      "4": 142,
      "5": 65,
      "6": 64,
      "7": 55,
      "8": 73,
      "9": 36,
      "10": 23,
      "11": 28,
      "12": 26,
      "13": 11,
      "14": 17,
      "15": 14,
      "16": 9,
      "17": 6,
      "18": 7,
      "19": 6,
      "20": 6,
      "21": 7,
      "22": 6,
      "23": 3,
      "24": 6,
      "25": 4,
      "26": 1,
      "27": 3,
      "28": 2,
      "29": 4,
      "31": 2,
      "32": 2,
      "33": 2,
      "38": 2,
      "39": 1,
      "43": 1,
      "45": 1,
      "47": 1,
      "65": 1,
      "71": 1,
      "77": 1,
      "98": 1
    },
    "2": {
      "2": 2,
      "3": 372,
      "4": 68,
      "5": 36,
      "6": 36,
      "7": 35,
      "8": 40,
      "9": 26,
      "10": 12,
      "11": 17,
      "12": 19,
      "13": 10,
      "14": 10,
      "15": 6,
      "16": 10,
      "17": 11,
      "18": 1,
      "19": 8,
      "20": 5,
      "21": 4,
      "22": 2,
      "24": 3,
      "25": 3,
      "26": 2,
      "27": 1,
      "28": 3,
      "29": 1,
      "32": 2,
      "33": 2,
      "34": 1,
      "36": 1,
      "41": 1,
      "44": 1,
      "49": 1,
      "54": 1,
      "56": 1,
      "60": 1
    },
    "3": {
      "2": 2,
      "3": 238,
      "4": 91,
      "5": 19,
      "6": 23,
      "7": 20,
      "8": 15,
      "9": 14,
      "10": 10,
      "11": 10,
      "12": 10,
      "13": 7,
      "14": 8,
      "15": 5,
      "16": 4,
      "18": 8,
      "19": 8,
      "20": 3,
      "21": 3,
      "23": 1,
      "25": 1,
      "26": 3,
      "27": 4,
      "28": 1,
      "29": 1,
      "30": 1,
      "32": 1,
      "34": 1,
      "38": 1,
      "39": 1,
      "40": 1,
      "42": 1,
      "47": 1,
      "48": 1,
      "50": 1,
      "55": 1,
      "65": 1,
      "77": 1,
      "78": 1
    },
    "4": {
      "2": 2,
      "3": 297,
      "4": 64,
      "5": 15,
      "6": 35,
      "7": 9,
      "8": 15,
      "9": 10,
      "10": 8,
      "11": 13,
      "12": 7,
      "13": 6,
      "14": 6,
      "15": 5,
      "16": 5,
      "17": 3,
      "18": 2,
      "19": 3,
      "20": 4,
      "21": 1,
      "22": 3,
      "24": 1,
      "25": 4,
      "26": 1,
      "27": 4,
      "29": 1,
      "30": 2,
      "31": 1,
      "32": 3,
      "33": 1,
      "35": 1,
      "37": 1,
      "45": 1,
      "64": 1
    },
    "5": {
      "2": 2,
      "3": 199,
      "4": 46,
      "5": 22,
      "6": 32,
      "7": 19,
      "8": 10,
      "9": 15,
      "10": 13,
      "11": 8,
      "13": 8,
      "14": 8,
      "15": 5,
      "16": 5,
      "17": 3,
      "18": 1,
      "19": 4,
      "20": 5,
      "21": 4,
      "22": 2,
      "23": 2,
      "24": 3,
      "26": 1,
      "27": 2,
      "28": 2,
      "29": 1,
      "31": 1,
      "34": 2,
      "39": 1,
      "50": 2,
      "55": 1,
      "58": 1
    },
    "6": {
      "2": 1,
      "3": 167,
      "4": 30,
      "5": 12,
      "6": 15,
      "7": 9,
      "8": 16,
      "9": 8,
      "10": 9,
      "11": 14,
      "12": 4,
      "13": 6,
      "14": 4,
      "15": 8,
      "16": 3,
      "17": 3,
      "18": 1,
      "20": 2,
      "21": 4,
      "24": 2,
      "25": 1,
      "26": 2,
      "29": 2,
      "31": 1,
      "33": 2,
      "36": 1,
      "38": 1,
      "50": 1,
      "57": 1,
      "65": 2
    },
    "7": {
      "2": 4,
      "3": 135,
      "4": 35,
      "5": 16,
      "6": 15,
      "7": 8,
      "8": 12,
      "9": 9,
      "10": 8,
      "11": 2,
      "12": 2,
      "13": 4,
      "14": 2,
      "15": 2,
      "16": 3,
      "17": 5,
      "18": 2,
      "19": 2,
      "20": 2,
      "21": 1,
      "22": 1,
      "23": 2,
      "24": 3,
      "25": 2,
      "27": 4,
      "28": 2,
      "29": 1,
      "31": 1,
      "33": 1,
      "36": 1,
      "37": 1,
      "38": 1,
      "40": 1,
      "45": 1,
      "52": 1,
      "53": 1,
      "60": 1,
      "81": 1
    },
    "8": {
      "2": 1,
      "3": 49,
      "4": 15,
      "5": 3,
      "6": 8,
      "7": 9,
      "8": 8,
      "9": 5,
      "10": 6,
      "11": 3,
      "12": 8,
      "13": 2,
      "14": 2,
      "15": 1,
      "16": 1,
      "17": 1,
      "18": 1,
      "19": 2,
      "20": 2,
      "21": 1,
      "22": 1,
      "24": 1,
      "25": 1,
      "26": 1,
      "27": 2,
      "28": 2,
      "30": 2,
      "31": 1,
      "40": 1,
      "46": 1,
      "57": 1,
      "61": 1,
      "64": 1,
      "332": 1
    },
    "9": {
      "3": 16,
      "4": 9,
      "5": 11,
      "6": 2,
      "7": 2,
      "8": 9,
      "9": 7,
      "10": 5,
      "11": 9,
      "12": 1,
      "13": 1,
      "14": 5,
      "15": 4,
      "16": 2,
      "17": 5,
      "18": 4,
      "19": 1,
      "20": 1,
      "21": 1,
      "22": 1,
      "23": 3,
      "26": 1,
      "27": 2,
      "28": 3,
      "32": 1,
      "34": 1,
      "35": 1,
      "37": 1,
      "43": 1,
      "44": 1,
      "45": 1
    },
    "10": {
      "3": 14,
      "4": 6,
      "5": 2,
      "6": 5,
      "7": 6,
      "8": 3,
      "9": 4,
      "10": 6,
      "11": 7,
      "12": 5,
      "13": 1,
      "14": 3,
      "15": 5,
      "16": 3,
      "17": 1,
      "19": 1,
      "21": 1,
      "22": 1,
      "23": 2,
      "24": 3,
      "26": 1,
      "35": 1,
      "36": 1,
      "37": 1,
      "38": 1,
      "78": 1
    },
    "11": {
      "3": 12,
      "4": 1,
      "5": 1,
      "6": 4,
      "7": 4,
      "8": 5,
      "9": 3,
      "10": 4,
      "11": 2,
      "13": 1,
      "14": 4,
      "16": 1,
      "17": 1,
      "18": 1,
      "19": 1,
      "21": 1,
      "22": 1,
      "23": 2,
      "24": 2,
      "27": 2,
      "28": 1,
      "33": 1,
      "35": 1,
      "39": 1,
      "41": 2,
      "47": 3
    },
    "12": {
      "3": 3,
      "4": 4,
      "5": 3,
      "6": 4,
      "7": 4,
      "8": 1,
      "9": 2,
      "10": 3,
      "11": 4,
      "13": 3,
      "14": 2,
      "16": 1,
      "21": 1,
      "22": 2,
      "23": 1,
      "24": 2,
      "25": 1,
      "26": 1,
      "35": 1,
      "41": 1,
      "46": 1,
      "49": 1,
      "50": 1
    },
    "13": {
      "3": 1,
      "5": 1,
      "6": 1,
      "7": 1,
      "9": 3,
      "10": 2,
      "11": 2,
      "12": 2,
      "13": 2,
      "16": 1,
      "18": 1,
      "20": 2,
      "21": 1,
      "23": 1,
      "24": 1,
      "26": 2,
      "37": 1,
      "45": 1,
      "55": 1,
      "98": 1
    },