{
  "repo": "flink",
  "totalMethods": 17009,
  "totalHistoryEquals1": 7539,
  "totalHistory2To5": 7091,
  "totalHistory6To10": 1768,
  "totalHistoryGt10": 611,
  "totalHistoryCount": {
    "0": 146,
    "1": 7539,
    "2": 3458,
    "3": 1635,
    "4": 1097,
    "5": 755,
    "6": 470,
    "7": 490,
    "8": 347,
    "9": 296,
    "10": 165,
    "11": 132,
    "12": 75,
    "13": 73,
    "14": 52,
    "15": 44,
    "16": 25,
    "17": 29,
    "18": 24,
    "19": 14,
    "20": 18,
    "21": 11,
    "22": 11,
    "23": 11,
    "24": 5,
    "25": 8,
    "26": 3,
    "27": 9,
    "28": 7,
    "29": 7,
    "30": 5,
    "32": 6,
    "33": 2,
    "34": 3,
    "35": 3,
    "36": 2,
    "38": 1,
    "39": 2,
    "40": 2,
    "41": 2,
    "42": 3,
    "43": 1,
    "44": 1,
    "45": 2,
    "46": 2,
    "48": 1,
    "49": 2,
    "50": 3,
    "52": 1,
    "53": 1,
    "54": 1,
    "55": 2,
    "56": 1,
    "57": 1,
    "74": 1,
    "89": 1,
    "94": 1
  },
  "avgSizeShovel": 3.031571520959492,
  "avgSizeBase": 1.5117878770062907,
  "medianSizeShovel": 2,
  "medianSizeBase": 1,
  "changeStats": {
    "Yfilerename": 12559,
    "Ymovefromfile": 4560,
    "Ybodychange": 19875,
    "Yparameterchange": 3368,
    "Yintroduced": 14372,
    "Ymodifierchange": 926,
    "Yreturntypechange": 2389,
    "Yrename": 1632,
    "Yexceptionschange": 747,
    "Yparametermetachange": 198
  },
  "countSmallMethodsForOneChange": 4969,
  "countSmallMethodsForMoreThanOneChange": 3731,
  "avgMethodSizeOneChange": 5.9896538002387585,
  "avgMethodsMoreThanOneChange": 12.378986272439281,
  "statsMethodsOneChange": {
    "setters": 210,
    "getters": 2559,
    "tests": 1
  },
  "methodSizeStatsLeftNumChangesRightNumLinesNumMethods": {
    "0": {
      "1": 2,
      "2": 1,
      "3": 113,
      "4": 3,
      "5": 3,
      "6": 3,
      "7": 3,
      "8": 4,
      "9": 2,
      "10": 2,
      "11": 1,
      "12": 2,
      "13": 1,
      "15": 2,
      "19": 1,
      "36": 1,
      "38": 1,
      "56": 1
    },
    "1": {
      "1": 36,
      "2": 19,
      "3": 4798,
      "4": 425,
      "5": 310,
      "6": 244,
      "7": 296,
      "8": 210,
      "9": 154,
      "10": 114,
      "11": 116,
      "12": 88,
      "13": 89,
      "14": 59,
      "15": 63,
      "16": 61,
      "17": 41,
      "18": 40,
      "19": 34,
      "20": 24,
      "21": 21,
      "22": 25,
      "23": 20,
      "24": 25,
      "25": 16,
      "26": 17,
      "27": 18,
      "28": 19,
      "29": 16,
      "30": 10,
      "31": 8,
      "32": 11,
      "33": 10,
      "34": 9,
      "35": 7,
      "36": 6,
      "37": 4,
      "38": 10,
      "39": 4,
      "40": 6,
      "41": 4,
      "42": 3,
      "44": 4,
      "45": 2,
      "46": 1,
      "47": 4,
      "48": 3,
      "51": 2,
      "52": 1,
      "53": 1,
      "54": 1,
      "55": 1,
      "56": 1,
      "57": 1,
      "60": 1,
      "62": 1,
      "64": 3,
      "67": 1,
      "69": 3,
      "71": 2,
      "75": 2,
      "79": 4,
      "82": 1,
      "87": 1,
      "93": 1,
      "94": 1,
      "95": 1,
      "98": 1,
      "106": 1,
      "112": 1,
      "128": 1,
      "167": 1
    },
    "2": {
      "1": 9,
      "2": 9,
      "3": 1710,
      "4": 219,
      "5": 165,
      "6": 173,
      "7": 139,
      "8": 98,
      "9": 88,
      "10": 82,
      "11": 74,
      "12": 71,
      "13": 61,
      "14": 49,
      "15": 51,
      "16": 37,
      "17": 40,
      "18": 41,
      "19": 19,
      "20": 31,
      "21": 21,
      "22": 18,
      "23": 18,
      "24": 14,
      "25": 18,
      "26": 18,
      "27": 7,
      "28": 10,
      "29": 22,
      "30": 7,
      "31": 9,
      "32": 5,
      "33": 3,
      "34": 4,
      "35": 8,
      "36": 4,
      "38": 3,
      "39": 5,
      "40": 4,
      "41": 7,
      "42": 6,
      "43": 1,
      "44": 4,
      "45": 3,
      "47": 5,
      "48": 2,
      "50": 6,
      "51": 4,
      "52": 4,
      "53": 2,
      "54": 1,
      "55": 1,
      "56": 4,
      "57": 1,
      "58": 1,
      "59": 4,
      "60": 1,
      "62": 2,
      "64": 1,
      "65": 3,
      "66": 2,
      "67": 3,
      "68": 4,
      "69": 2,
      "70": 1,
      "71": 2,
      "73": 2,
      "74": 3,
      "75": 1,
      "77": 3,
      "80": 2,
      "83": 1,
      "86": 1,
      "89": 2,
      "98": 1,
      "103": 1
    },
    "3": {
      "1": 1,
      "2": 3,
      "3": 603,
      "4": 98,
      "5": 101,
      "6": 66,
      "7": 66,
      "8": 64,
      "9": 62,
      "10": 50,
      "11": 58,
      "12": 41,
      "13": 40,
      "14": 23,
      "15": 26,
      "16": 30,
      "17": 25,
      "18": 25,
      "19": 30,
      "20": 20,
      "21": 16,
      "22": 10,
      "23": 12,
      "24": 17,
      "25": 10,
      "26": 15,
      "27": 8,
      "28": 6,
      "29": 7,
      "30": 5,
      "31": 2,
      "32": 7,
      "33": 5,
      "34": 4,
      "35": 10,
      "36": 1,
      "38": 7,
      "39": 3,
      "40": 1,
      "41": 3,
      "42": 1,
      "43": 1,
      "44": 3,
      "45": 1,
      "46": 3,
      "47": 1,
      "49": 1,
      "50": 1,
      "51": 1,
      "52": 3,
      "53": 3,
      "55": 1,
      "56": 1,
      "57": 2,
      "58": 1,
      "59": 1,
      "60": 4,
      "61": 2,
      "62": 5,
      "64": 2,
      "66": 2,
      "68": 1,
      "75": 1,
      "77": 1,
      "78": 2,
      "80": 2,
      "82": 1,
      "89": 1,
      "97": 1,
      "111": 1,
      "122": 1,
      "175": 1,
      "176": 1
    },
    "4": {
      "1": 1,
      "3": 428,
      "4": 70,
      "5": 62,
      "6": 61,
      "7": 45,
      "8": 39,
      "9": 34,
      "10": 18,
      "11": 21,
      "12": 32,
      "13": 24,
      "14": 25,
      "15": 14,
      "16": 15,
      "17": 15,
      "18": 11,
      "19": 10,
      "20": 12,
      "21": 9,
      "22": 9,
      "23": 8,
      "24": 6,
      "25": 7,
      "26": 3,
      "27": 9,
      "28": 5,
      "29": 9,
      "30": 4,
      "31": 4,
      "32": 8,
      "33": 5,
      "34": 3,
      "35": 6,
      "36": 2,
      "37": 1,
      "38": 6,
      "39": 2,
      "41": 4,
      "42": 5,
      "43": 2,
      "44": 1,
      "45": 4,
      "46": 2,
      "47": 1,
      "48": 1,
      "49": 2,
      "51": 3,
      "52": 3,
      "53": 1,
      "54": 3,
      "55": 2,
      "57": 2,
      "60": 1,
      "61": 2,
      "62": 2,
      "67": 1,
      "71": 1,
      "72": 1,
      "75": 1,
      "76": 1,
      "79": 1,
      "82": 1,
      "84": 1,
      "85": 1,
      "95": 1,
      "106": 1,
      "127": 1,
      "153": 1
    },
    "5": {
      "1": 24,
      "3": 261,
      "4": 37,
      "5": 35,
      "6": 39,
      "7": 37,
      "8": 21,
      "9": 30,
      "10": 25,
      "11": 13,
      "12": 17,
      "13": 19,
      "14": 15,
      "15": 12,
      "16": 8,
      "17": 13,
      "18": 8,
      "19": 10,
      "20": 9,
      "21": 7,
      "22": 4,
      "23": 4,
      "24": 5,
      "25": 2,
      "26": 3,
      "27": 6,
      "28": 4,
      "29": 4,
      "30": 5,
      "31": 4,
      "32": 5,
      "33": 3,
      "34": 1,
      "35": 3,
      "36": 3,
      "37": 2,
      "38": 1,
      "39": 3,
      "40": 1,
      "41": 3,
      "42": 5,
      "44": 2,
      "45": 3,
      "46": 2,
      "47": 2,
      "48": 2,
      "49": 4,
      "50": 3,
      "51": 1,
      "52": 6,
      "54": 1,
      "58": 1,
      "59": 1,
      "60": 1,
      "62": 1,
      "64": 1,
      "66": 1,
      "67": 3,
      "70": 1,
      "71": 1,
      "73": 1,
      "84": 1,
      "90": 1,
      "106": 1,
      "107": 1,
      "117": 1,
      "146": 1
    },
    "6": {
      "1": 7,
      "3": 128,
      "4": 21,
      "5": 26,
      "6": 18,
      "7": 13,
      "8": 19,
      "9": 26,
      "10": 6,
      "11": 13,
      "12": 17,
      "13": 9,
      "14": 10,
      "15": 8,
      "16": 10,
      "17": 10,
      "18": 12,
      "19": 6,
      "20": 4,
      "21": 7,
      "22": 5,
      "23": 3,
      "24": 8,
      "25": 1,
      "26": 6,
      "27": 3,
      "28": 6,
      "29": 3,