{
  "repo": "checkstyle",
  "totalMethods": 3084,
  "totalHistoryEquals1": 553,
  "totalHistory2To5": 1612,
  "totalHistory6To10": 619,
  "totalHistoryGt10": 300,
  "totalHistoryCount": {
    "1": 553,
    "2": 513,
    "3": 435,
    "4": 374,
    "5": 290,
    "6": 187,
    "7": 157,
    "8": 105,
    "9": 83,
    "10": 87,
    "11": 54,
    "12": 43,
    "13": 38,
    "14": 17,
    "15": 35,
    "16": 22,
    "17": 19,
    "18": 8,
    "19": 13,
    "20": 7,
    "21": 8,
    "22": 9,
    "23": 6,
    "24": 2,
    "25": 2,
    "26": 3,
    "27": 1,
    "28": 2,
    "30": 1,
    "31": 1,
    "32": 1,
    "34": 3,
    "40": 1,
    "43": 1,
    "49": 1,
    "62": 1,
    "70": 1
  },
  "avgSizeShovel": 4.962062256809339,
  "avgSizeBase": 3.447146562905318,
  "medianSizeShovel": 4,
  "medianSizeBase": 3,
  "changeStats": {
    "Yrename": 366,
    "Yintroduced": 3071,
    "Ybodychange": 9146,
    "Yparameterchange": 1738,
    "Yfilerename": 2189,
    "Ymodifierchange": 514,
    "Yexceptionschange": 88,
    "Ymovefromfile": 274,
    "Yreturntypechange": 138,
    "Yparametermetachange": 29
  },
  "countSmallMethodsForOneChange": 278,
  "countSmallMethodsForMoreThanOneChange": 1046,
  "avgMethodSizeOneChange": 6.837251356238698,
  "avgMethodsMoreThanOneChange": 9.383642828921374,
  "statsMethodsOneChange": {
    "setters": 60,
    "getters": 152,
    "tests": 0
  },
  "methodSizeStatsLeftNumChangesRightNumLinesNumMethods": {
    "1": {
      "3": 278,
      "4": 28,
      "5": 34,
      "6": 18,
      "7": 22,
      "8": 26,
      "9": 20,
      "10": 17,
      "11": 19,
      "12": 25,
      "13": 4,
      "14": 9,
      "15": 11,
      "16": 5,
      "17": 4,
      "18": 4,
      "19": 4,
      "20": 5,
      "21": 2,
      "22": 1,
      "23": 2,
      "24": 3,
      "25": 1,
      "26": 3,
      "27": 2,
      "28": 1,
      "32": 1,
      "34": 1,
      "38": 2,
      "88": 1
    },
    "2": {
      "3": 242,
      "4": 30,
      "5": 21,
      "6": 16,
      "7": 20,
      "8": 25,
      "9": 12,
      "10": 20,
      "11": 14,
      "12": 14,
      "13": 13,
      "14": 15,
      "15": 10,
      "16": 6,
      "17": 8,
      "18": 7,
      "19": 4,
      "20": 7,
      "21": 3,
      "22": 3,
      "23": 1,
      "26": 1,
      "27": 3,
      "28": 3,
      "29": 3,
      "30": 2,
      "32": 1,
      "33": 1,
      "34": 1,
      "36": 1,
      "37": 1,
      "39": 1,
      "40": 1,
      "48": 1,
      "50": 1,
      "52": 1
    },
    "3": {
      "3": 265,
      "4": 15,
      "5": 25,
      "6": 10,
      "7": 17,
      "8": 8,
      "9": 7,
      "10": 7,
      "11": 8,
      "12": 10,
      "13": 8,
      "14": 4,
      "15": 7,
      "16": 5,
      "17": 2,
      "18": 5,
      "19": 3,
      "20": 5,
      "21": 2,
      "22": 4,
      "23": 2,
      "24": 2,
      "27": 3,
      "28": 1,
      "29": 1,
      "30": 4,
      "34": 2,
      "37": 1,
      "44": 1,
      "46": 1
    },
    "4": {
      "3": 207,
      "4": 33,
      "5": 27,
      "6": 7,
      "7": 11,
      "8": 3,
      "9": 8,
      "10": 14,
      "11": 8,
      "12": 10,
      "13": 4,
      "14": 6,
      "15": 4,
      "16": 3,
      "17": 3,
      "18": 4,
      "19": 4,
      "20": 1,
      "21": 3,
      "22": 1,
      "23": 4,
      "24": 1,
      "25": 3,
      "27": 1,
      "36": 1,
      "42": 1,
      "49": 1,
      "55": 1
    },
    "5": {
      "3": 145,
      "4": 26,
      "5": 8,
      "6": 10,
      "7": 5,
      "8": 10,
      "9": 8,
      "10": 7,
      "11": 10,
      "12": 11,
      "13": 2,
      "14": 4,
      "15": 6,
      "16": 6,
      "17": 5,
      "18": 3,
      "19": 2,
      "20": 2,
      "21": 3,
      "22": 3,
      "23": 1,
      "24": 1,
      "29": 2,
      "32": 1,
      "33": 1,
      "34": 1,
      "36": 2,
      "37": 1,
      "40": 1,
      "42": 1,
      "50": 1,
      "66": 1
    },
    "6": {
      "3": 81,
      "4": 10,
      "5": 12,
      "6": 10,
      "7": 11,
      "8": 10,
      "9": 6,
      "10": 7,
      "11": 6,
      "12": 3,
      "13": 3,
      "14": 2,
      "15": 3,
      "16": 3,
      "17": 1,
      "20": 3,
      "21": 1,
      "23": 3,
      "26": 2,
      "27": 3,
      "28": 1,
      "29": 1,
      "30": 1,
      "33": 1,
      "34": 1,
      "44": 1,
      "60": 1
    },
    "7": {
      "3": 48,
      "4": 11,
      "5": 6,
      "6": 5,
      "7": 10,
      "8": 7,
      "9": 5,
      "10": 14,
      "11": 7,
      "12": 2,
      "13": 3,
      "14": 4,
      "15": 6,
      "16": 3,
      "17": 4,
      "18": 3,
      "19": 4,
      "20": 3,
      "21": 2,
      "23": 1,
      "25": 3,
      "26": 1,
      "29": 2,
      "30": 1,
      "40": 1,
      "45": 1
    },
    "8": {
      "3": 21,
      "4": 3,
      "5": 2,
      "6": 6,
      "7": 8,
      "8": 8,
      "9": 4,
      "10": 8,
      "11": 2,
      "12": 7,
      "13": 3,
      "14": 6,
      "16": 4,
      "17": 3,
      "18": 3,
      "19": 4,
      "20": 1,
      "21": 5,
      "23": 4,
      "31": 1,
      "36": 1,
      "69": 1
    },
    "9": {
      "3": 9,
      "4": 5,
      "5": 3,
      "6": 5,
      "7": 4,
      "8": 8,
      "9": 3,
      "10": 7,
      "11": 5,
      "12": 9,
      "14": 3,
      "15": 4,
      "16": 3,
      "18": 1,
      "19": 3,
      "21": 1,
      "22": 2,
      "23": 1,
      "24": 1,
      "29": 1,
      "30": 2,
      "31": 1,
      "36": 1,
      "51": 1
    },
    "10": {
      "3": 13,
      "4": 6,
      "5": 2,
      "6": 2,
      "7": 8,
      "8": 1,
      "9": 2,
      "10": 11,
      "11": 7,
      "12": 3,
      "13": 1,
      "14": 1,
      "15": 5,
      "16": 1,
      "17": 4,
      "18": 3,
      "19": 2,
      "20": 1,
      "21": 3,
      "22": 2,
      "23": 2,
      "26": 2,
      "27": 3,
      "32": 1,
      "69": 1
    },
    "11": {
      "3": 6,
      "4": 1,
      "5": 1,
      "6": 1,
      "7": 5,
      "8": 1,
      "9": 2,
      "10": 3,
      "11": 4,
      "13": 1,
      "14": 3,
      "15": 4,
      "16": 4,
      "17": 1,
      "18": 1,
      "19": 1,
      "21": 1,
      "22": 1,
      "23": 4,
      "25": 2,
      "26": 1,
      "27": 1,
      "29": 1,
      "32": 1,
      "33": 1,
      "36": 1,
      "43": 1
    },
    "12": {
      "3": 4,
      "6": 2,
      "7": 1,
      "8": 4,
      "9": 1,
      "10": 1,
      "11": 2,
      "13": 3,
      "14": 2,
      "15": 3,
      "16": 1,
      "17": 4,
      "18": 3,
      "19": 3,
      "24": 1,
      "25": 2,
      "26": 1,
      "27": 2,
      "29": 1,
      "30": 1,
      "42": 1
    },
    "13": {
      "3": 1,
      "5": 2,
      "6": 2,
      "9": 3,
      "10": 2,
      "11": 2,
      "12": 1,
      "13": 5,
      "14": 1,
      "15": 3,
      "17": 1,
      "18": 3,
      "19": 2,
      "20": 2,
      "22": 1,
      "23": 1,
      "24": 1,
      "26": 1,
      "28": 1,
      "36": 1,
      "60": 1,
      "63": 1
    },
    "14": {
      "3": 2,
      "6": 1,
      "10": 1,
      "11": 1,
      "12": 2,
      "14": 1,
      "18": 1,
      "19": 1,
      "23": 1,
      "24": 1,
      "25": 1,
      "26": 1,
      "27": 1,
      "30": 1,
      "35": 1
    },
    "15": {
      "3": 1,
      "4": 1,
      "5": 1,
      "8": 1,
      "9": 2,
      "10": 4,
      "11": 1,
      "13": 3,
      "14": 1,
      "15": 1,
      "16": 3,
      "17": 1,
      "19": 4,
      "24": 1,
      "27": 2,
      "31": 1,
      "33": 1,
      "34": 1,
      "35": 1,
      "37": 1,
      "41": 1,
      "45": 1,
      "51": 1
    },
    "16": {
      "7": 2,
      "8": 1,
      "9": 1,
      "10": 1,
      "12": 3,
      "13": 1,
      "14": 1,
      "15": 1,
      "17": 2,
      "19": 1,
      "23": 1,
      "24": 3,
      "27": 1,
      "30": 1,
      "36": 1,
      "44": 1
    },
    "17": {
      "4": 1,
      "9": 1,
      "10": 1,
      "12": 1,
      "14": 1,
      "19": 1,
      "21": 1,
      "23": 1,
      "29": 1,
      "31": 1,
      "32": 1,
      "33": 1,
      "35": 1,
      "38": 2,
      "39": 1,
      "40": 1,