{
  "repo": "slf4j",
  "totalMethods": 938,
  "totalHistoryEquals1": 282,
  "totalHistory2To5": 591,
  "totalHistory6To10": 59,
  "totalHistoryGt10": 6,
  "totalHistoryCount": {
    "0": 60,
    "1": 282,
    "2": 313,
    "3": 130,
    "4": 60,
    "5": 28,
    "6": 32,
    "7": 11,
    "8": 11,
    "9": 3,
    "10": 2,
    "12": 3,
    "15": 1,
    "18": 1,
    "20": 1
  },
  "avgSizeShovel": 2.314498933901919,
  "avgSizeBase": 5.904051172707889,
  "medianSizeShovel": 2,
  "medianSizeBase": 2,
  "changeStats": {
    "Ybodychange": 802,
    "Ymodifierchange": 41,
    "Yintroduced": 877,
    "Yrename": 39,
    "Yexceptionschange": 9,
    "Yreturntypechange": 31,
    "Yparameterchange": 104,
    "Yfilerename": 304,
    "Yparametermetachange": 6,
    "Ymovefromfile": 105
  },
  "countSmallMethodsForOneChange": 261,
  "countSmallMethodsForMoreThanOneChange": 303,
  "avgMethodSizeOneChange": 4.375886524822695,
  "avgMethodsMoreThanOneChange": 6.498475609756097,
  "statsMethodsOneChange": {
    "setters": 23,
    "getters": 70,
    "tests": 0
  },
  "methodSizeStatsLeftNumChangesRightNumLinesNumMethods": {
    "0": {
      "2": 3,
      "3": 48,
      "4": 2,
      "5": 1,
      "6": 2,
      "7": 1,
      "8": 1,
      "13": 1,
      "18": 1
    },
    "1": {
      "2": 22,
      "3": 188,
      "4": 25,
      "5": 5,
      "6": 5,
      "7": 7,
      "8": 3,
      "9": 5,
      "11": 5,
      "12": 10,
      "15": 1,
      "17": 1,
      "22": 3,
      "24": 1,
      "56": 1
    },
    "2": {
      "2": 22,
      "3": 185,
      "4": 22,
      "5": 10,
      "6": 18,
      "7": 7,
      "8": 1,
      "9": 4,
      "10": 22,
      "11": 4,
      "12": 2,
      "13": 6,
      "14": 1,
      "16": 2,
      "17": 1,
      "18": 1,
      "23": 3,
      "28": 1,
      "64": 1
    },
    "3": {
      "3": 66,
      "4": 4,
      "5": 2,
      "6": 11,
      "7": 3,
      "8": 3,
      "9": 13,
      "10": 5,
      "11": 13,
      "12": 1,
      "13": 1,
      "14": 1,
      "15": 2,
      "21": 2,
      "25": 1,
      "29": 1,
      "33": 1
    },
    "4": {
      "3": 23,
      "4": 2,
      "5": 2,
      "6": 6,
      "7": 2,
      "8": 1,
      "9": 1,
      "10": 10,
      "11": 4,
      "13": 1,
      "14": 1,
      "15": 1,
      "17": 1,
      "18": 1,
      "19": 1,
      "21": 1,
      "48": 1,
      "83": 1
    },
    "5": {
      "3": 1,
      "5": 2,
      "6": 6,
      "7": 1,
      "8": 1,
      "9": 1,
      "10": 5,
      "11": 2,
      "14": 1,
      "16": 1,
      "17": 1,
      "18": 1,
      "19": 2,
      "22": 1,
      "24": 1,
      "26": 1
    },
    "6": {
      "3": 3,
      "5": 8,
      "6": 10,
      "7": 1,
      "8": 2,
      "10": 1,
      "11": 1,
      "12": 1,
      "15": 1,
      "16": 1,
      "18": 1,
      "28": 1,
      "31": 1
    },
    "7": {
      "6": 4,
      "7": 2,
      "8": 1,
      "9": 1,
      "10": 1,
      "16": 1,
      "29": 1
    },
    "8": {
      "3": 1,
      "4": 3,
      "10": 1,
      "13": 1,
      "18": 1,
      "19": 1,
      "20": 1,
      "23": 1,
      "53": 1
    },
    "9": {
      "3": 1,
      "16": 1,
      "25": 1
    },
    "10": {
      "3": 1,
      "50": 1
    },
    "12": {
      "11": 1,
      "31": 1,
      "47": 1
    },
    "15": {
      "12": 1
    },
    "18": {
      "27": 1
    },
    "20": {
      "8": 1
    }
  }
}