{
  "repo": "pmd",
  "totalMethods": 2567,
  "totalHistoryEquals1": 430,
  "totalHistory2To5": 1003,
  "totalHistory6To10": 867,
  "totalHistoryGt10": 267,
  "totalHistoryCount": {
    "0": 27,
    "1": 430,
    "2": 359,
    "3": 199,
    "4": 277,
    "5": 141,
    "6": 279,
    "7": 121,
    "8": 202,
    "9": 173,
    "10": 92,
    "11": 64,
    "12": 29,
    "13": 30,
    "14": 25,
    "15": 19,
    "16": 13,
    "17": 14,
    "18": 9,
    "19": 13,
    "20": 11,
    "21": 8,
    "22": 5,
    "23": 3,
    "24": 2,
    "25": 1,
    "26": 4,
    "27": 3,
    "28": 4,
    "30": 3,
    "34": 2,
    "35": 1,
    "36": 1,
    "37": 1,
    "39": 1,
    "42": 1
  },
  "avgSizeShovel": 5.60498636540709,
  "avgSizeBase": 1.2267238021036229,
  "medianSizeShovel": 4,
  "medianSizeBase": 1,
  "changeStats": {
    "Yfilerename": 5593,
    "Yintroduced": 2466,
    "Ybodychange": 5359,
    "Ymovefromfile": 917,
    "Yrename": 147,
    "Yreturntypechange": 196,
    "Yparameterchange": 645,
    "Ymodifierchange": 153,
    "Yexceptionschange": 4,
    "Yparametermetachange": 17
  },
  "countSmallMethodsForOneChange": 214,
  "countSmallMethodsForMoreThanOneChange": 1021,
  "avgMethodSizeOneChange": 5.8023255813953485,
  "avgMethodsMoreThanOneChange": 9.410856340664482,
  "statsMethodsOneChange": {
    "setters": 9,
    "getters": 96,
    "tests": 0
  },
  "methodSizeStatsLeftNumChangesRightNumLinesNumMethods": {
    "0": {
      "3": 20,
      "5": 1,
      "7": 1,
      "8": 2,
      "9": 1,
      "12": 1,
      "24": 1
    },
    "1": {
      "3": 194,
      "4": 130,
      "5": 8,
      "6": 4,
      "7": 20,
      "8": 10,
      "9": 10,
      "10": 9,
      "11": 2,
      "12": 6,
      "13": 6,
      "14": 2,
      "15": 3,
      "16": 1,
      "17": 3,
      "18": 2,
      "19": 1,
      "21": 2,
      "22": 1,
      "23": 3,
      "24": 2,
      "25": 2,
      "27": 2,
      "28": 1,
      "29": 1,
      "34": 1,
      "37": 1,
      "42": 1,
      "43": 1,
      "64": 1
    },
    "2": {
      "3": 222,
      "4": 17,
      "5": 11,
      "6": 6,
      "7": 18,
      "8": 7,
      "9": 9,
      "10": 5,
      "11": 4,
      "12": 6,
      "13": 12,
      "14": 4,
      "15": 7,
      "16": 3,
      "17": 4,
      "18": 2,
      "20": 2,
      "23": 3,
      "24": 1,
      "25": 1,
      "26": 1,
      "27": 3,
      "28": 1,
      "30": 4,
      "35": 1,
      "41": 1,
      "44": 1,
      "47": 1,
      "55": 1,
      "62": 1
    },
    "3": {
      "3": 93,
      "4": 14,
      "5": 8,
      "6": 4,
      "7": 8,
      "8": 11,
      "9": 7,
      "10": 9,
      "11": 3,
      "12": 2,
      "13": 6,
      "14": 2,
      "15": 7,
      "16": 2,
      "17": 2,
      "18": 4,
      "19": 4,
      "20": 1,
      "22": 1,
      "23": 3,
      "24": 2,
      "31": 1,
      "34": 1,
      "35": 1,
      "38": 1,
      "42": 1,
      "54": 1
    },
    "4": {
      "3": 142,
      "4": 31,
      "5": 22,
      "6": 6,
      "7": 9,
      "8": 11,
      "9": 8,
      "10": 2,
      "11": 7,
      "12": 2,
      "13": 2,
      "14": 2,
      "15": 2,
      "16": 2,
      "17": 3,
      "18": 3,
      "19": 3,
      "20": 1,
      "21": 1,
      "22": 3,
      "23": 3,
      "24": 1,
      "26": 2,
      "29": 1,
      "32": 1,
      "35": 1,
      "38": 1,
      "40": 1,
      "45": 2,
      "55": 1,
      "68": 1
    },
    "5": {
      "3": 62,
      "4": 10,
      "5": 8,
      "6": 10,
      "7": 10,
      "8": 6,
      "9": 4,
      "10": 4,
      "11": 2,
      "12": 3,
      "13": 3,
      "14": 4,
      "15": 3,
      "16": 1,
      "18": 1,
      "20": 1,
      "22": 1,
      "24": 1,
      "26": 1,
      "27": 1,
      "30": 2,
      "31": 1,
      "36": 1,
      "58": 1
    },
    "6": {
      "3": 178,
      "4": 31,
      "5": 4,
      "6": 8,
      "7": 8,
      "8": 6,
      "9": 1,
      "10": 8,
      "11": 2,
      "13": 1,
      "14": 2,
      "16": 5,
      "17": 2,
      "18": 6,
      "19": 1,
      "20": 3,
      "21": 1,
      "22": 2,
      "23": 1,
      "24": 1,
      "25": 1,
      "28": 1,
      "37": 1,
      "38": 1,
      "39": 1,
      "58": 1,
      "65": 1,
      "79": 1
    },
    "7": {
      "3": 39,
      "4": 16,
      "5": 2,
      "6": 18,
      "7": 6,
      "8": 8,
      "9": 4,
      "10": 2,
      "11": 2,
      "12": 2,
      "13": 2,
      "14": 2,
      "15": 1,
      "16": 1,
      "17": 2,
      "18": 1,
      "19": 1,
      "23": 1,
      "24": 1,
      "27": 1,
      "28": 1,
      "29": 1,
      "35": 1,
      "36": 2,
      "38": 1,
      "41": 1,
      "50": 1,
      "65": 1
    },
    "8": {
      "3": 107,
      "4": 11,
      "5": 7,
      "6": 7,
      "7": 4,
      "8": 5,
      "9": 6,
      "10": 10,
      "11": 7,
      "12": 3,
      "13": 3,
      "14": 2,
      "15": 8,
      "16": 3,
      "17": 3,
      "18": 3,
      "19": 3,
      "21": 2,
      "24": 2,
      "26": 1,
      "37": 1,
      "38": 1,
      "39": 1,
      "49": 1,
      "52": 1
    },
    "9": {
      "3": 119,
      "4": 5,
      "5": 2,
      "6": 5,
      "7": 2,
      "8": 3,
      "9": 4,
      "10": 4,
      "11": 1,
      "12": 4,
      "13": 5,
      "14": 1,
      "15": 2,
      "16": 2,
      "17": 1,
      "18": 1,
      "19": 2,
      "21": 1,
      "22": 1,
      "23": 2,
      "26": 1,
      "30": 1,
      "32": 1,
      "35": 1,
      "63": 1,
      "66": 1
    },
    "10": {
      "3": 40,
      "4": 5,
      "5": 6,
      "6": 4,
      "7": 5,
      "8": 2,
      "9": 2,
      "10": 5,
      "11": 2,
      "12": 3,
      "13": 1,
      "14": 1,
      "15": 2,
      "16": 2,
      "17": 1,
      "20": 1,
      "26": 3,
      "27": 1,
      "29": 1,
      "30": 1,
      "33": 1,
      "48": 1,
      "53": 1,
      "93": 1
    },
    "11": {
      "3": 7,
      "4": 3,
      "5": 4,
      "6": 2,
      "7": 3,
      "8": 1,
      "9": 1,
      "10": 4,
      "11": 1,
      "12": 2,
      "13": 1,
      "14": 1,
      "15": 6,
      "16": 3,
      "17": 2,
      "18": 2,
      "19": 1,
      "20": 3,
      "21": 2,
      "23": 4,
      "25": 1,
      "30": 1,
      "31": 3,
      "37": 1,
      "39": 1,
      "42": 2,
      "50": 1,
      "74": 1
    },
    "12": {
      "3": 3,
      "5": 2,
      "6": 2,
      "9": 4,
      "11": 1,
      "13": 1,
      "14": 1,
      "16": 3,
      "18": 2,
      "19": 1,
      "21": 1,
      "22": 1,
      "26": 2,
      "31": 1,
      "32": 1,
      "33": 1,
      "35": 1,
      "60": 1
    },
    "13": {
      "5": 2,
      "6": 1,
      "7": 1,
      "8": 2,
      "9": 1,
      "10": 1,
      "11": 3,
      "12": 1,
      "13": 3,
      "14": 2,
      "15": 1,
      "16": 1,
      "17": 2,
      "21": 1,
      "28": 1,
      "29": 1,
      "32": 1,
      "33": 1,
      "42": 1,
      "55": 1,
      "69": 1,
      "177": 1
    },
    "14": {
      "3": 2,
      "4": 2,
      "6": 1,
      "7": 2,
      "8": 1,
      "10": 1,
      "11": 1,
      "13": 1,
      "14": 1,
      "17": 1,
      "18": 2,
      "19": 1,
      "20": 1,
      "29": 1,
      "30": 2,
      "33": 2,
      "43": 1,
      "51": 1,
      "55": 1
    },
    "15": {
      "3": 4,
      "6": 1,
      "10": 1,
      "13": 2,
      "14": 3,
      "15": 1,
      "16": 1,
      "18": 1,
      "20": 1,
      "21": 1,
      "22": 1,
      "25": 1,
      "62": 1
    },
    "16": {
      "6": 1,
      "13": 1,
      "14": 1,
      "15": 2,
      "17": 1,
      "18": 1,
      "19": 1,
      "22": 1,
      "23": 1,
      "26": 1,
      "83": 1,
      "116": 1
    },
    "17": {
      "3": 2,
      "5": 1,
      "8": 1,
      "11": 1,
      "12": 1,
      "19": 1,
      "22": 1,
      "23": 1,
      "24": 2,
      "32": 1,
      "33": 1,
      "42": 1
    },
    "18": {
      "11": 1,
      "21": 1,
      "24": 1,
      "27": 2,
      "28": 1,
      "32": 1,
      "33": 1,
      "205": 1
    },
    "19": {
      "3": 1,
      "7": 1,
      "8": 1,
      "9": 1,
      "13": 1,
      "19": 1,
      "24": 1,
      "25": 1,