{
  "repo": "javaparser",
  "totalMethods": 1696,
  "totalHistoryEquals1": 98,
  "totalHistory2To5": 1076,
  "totalHistory6To10": 333,
  "totalHistoryGt10": 189,
  "totalHistoryCount": {
    "0": 205,
    "1": 98,
    "2": 320,
    "3": 344,
    "4": 125,
    "5": 82,
    "6": 115,
    "7": 83,
    "8": 51,
    "9": 44,
    "10": 40,
    "11": 35,
    "12": 19,
    "13": 22,
    "14": 15,
    "15": 16,
    "16": 12,
    "17": 7,
    "18": 10,
    "19": 7,
    "20": 9,
    "21": 6,
    "22": 6,
    "23": 4,
    "24": 2,
    "25": 8,
    "27": 3,
    "29": 1,
    "30": 1,
    "31": 1,
    "32": 1,
    "36": 1,
    "43": 1,
    "49": 1,
    "85": 1
  },
  "avgCommitDurationBaseInDays": null,
  "avgCommitDurationShovelInDays": null,
  "avgSizeShovel": 4.90683962264151,
  "avgSizeBase": 0.47287735849056606,
  "medianSizeShovel": 3,
  "medianSizeBase": 0,
  "changeStats": {
    "Yfilerename": 3255,
    "Yintroduced": 1433,
    "Ybodychange": 2803,
    "Ymodifierchange": 88,
    "Yexceptionschange": 14,
    "Yparameterchange": 592,
    "Yrename": 114,
    "Ymovefromfile": 87,
    "Yreturntypechange": 826
  },
  "countSmallMethodsForOneChange": 202,
  "countSmallMethodsForMoreThanOneChange": 720,
  "avgMethodSizeOneChange": 7.346938775510204,
  "avgMethodsMoreThanOneChange": 9.041927409261577,
  "statsMethodsOneChange": {
    "setters": 0,
    "getters": 28,
    "tests": 0
  },
  "methodSizeStatsLeftNumChangesRightNumLinesNumMethods": {
    "0": {
      "1": 1,
      "3": 146,
      "4": 2,
      "5": 9,
      "6": 7,
      "7": 8,
      "8": 14,
      "9": 2,
      "10": 1,
      "11": 7,
      "12": 2,
      "15": 1,
      "16": 2,
      "22": 1,
      "25": 1,
      "53": 1
    },
    "1": {
      "3": 55,
      "4": 3,
      "5": 4,
      "6": 2,
      "7": 2,
      "8": 8,
      "9": 5,
      "10": 3,
      "11": 2,
      "12": 1,
      "13": 1,
      "15": 1,
      "17": 2,
      "18": 1,
      "19": 1,
      "24": 1,
      "25": 1,
      "30": 1,
      "33": 1,
      "34": 1,
      "35": 1,
      "44": 1
    },
    "2": {
      "3": 149,
      "4": 4,
      "5": 30,
      "6": 35,
      "7": 23,
      "8": 13,
      "9": 23,
      "10": 10,
      "11": 4,
      "12": 2,
      "13": 2,
      "14": 2,
      "15": 3,
      "16": 3,
      "17": 4,
      "19": 1,
      "21": 3,
      "22": 2,
      "30": 1,
      "40": 1,
      "41": 1,
      "43": 1,
      "50": 1,
      "53": 1,
      "64": 1
    },
    "3": {
      "3": 215,
      "4": 7,
      "5": 7,
      "6": 16,
      "7": 12,
      "8": 10,
      "9": 9,
      "10": 6,
      "11": 10,
      "12": 3,
      "13": 3,
      "14": 4,
      "15": 1,
      "16": 2,
      "17": 6,
      "18": 1,
      "19": 2,
      "21": 1,
      "22": 2,
      "23": 1,
      "27": 2,
      "28": 2,
      "30": 1,
      "31": 2,
      "32": 1,
      "34": 1,
      "44": 1,
      "49": 2,
      "53": 1,
      "57": 1,
      "60": 1,
      "66": 1,
      "75": 1,
      "80": 1,
      "82": 1,
      "86": 1,
      "88": 1,
      "99": 1,
      "109": 1,
      "181": 1,
      "201": 1,
      "228": 1
    },
    "4": {
      "3": 61,
      "4": 5,
      "5": 2,
      "6": 8,
      "7": 5,
      "8": 5,
      "9": 5,
      "10": 5,
      "11": 5,
      "12": 2,
      "13": 4,
      "14": 1,
      "15": 3,
      "16": 2,
      "17": 1,
      "18": 1,
      "21": 2,
      "22": 1,
      "25": 2,
      "26": 1,
      "27": 2,
      "41": 1,
      "72": 1
    },
    "5": {
      "3": 42,
      "4": 2,
      "5": 4,
      "6": 4,
      "7": 2,
      "8": 7,
      "9": 1,
      "10": 2,
      "11": 4,
      "13": 2,
      "15": 2,
      "16": 1,
      "17": 1,
      "18": 2,
      "20": 1,
      "22": 1,
      "25": 1,
      "36": 1,
      "59": 1,
      "70": 1
    },
    "6": {
      "3": 74,
      "4": 2,
      "5": 7,
      "6": 2,
      "7": 4,
      "8": 2,
      "9": 4,
      "10": 6,
      "11": 1,
      "13": 2,
      "21": 1,
      "22": 1,
      "23": 2,
      "27": 1,
      "34": 1,
      "36": 2,
      "37": 1,
      "57": 1,
      "103": 1
    },
    "7": {
      "3": 45,
      "4": 4,
      "5": 4,
      "6": 4,
      "7": 6,
      "8": 1,
      "9": 4,
      "10": 2,
      "12": 2,
      "13": 2,
      "14": 3,
      "15": 1,
      "16": 2,
      "28": 1,
      "55": 1,
      "219": 1
    },
    "8": {
      "3": 33,
      "4": 2,
      "5": 2,
      "8": 3,
      "9": 2,
      "11": 1,
      "12": 1,
      "13": 1,
      "23": 2,
      "25": 1,
      "26": 1,
      "30": 1,
      "76": 1
    },
    "9": {
      "3": 25,
      "4": 1,
      "5": 1,
      "6": 1,
      "8": 4,
      "9": 1,
      "10": 1,
      "14": 1,
      "16": 1,
      "17": 1,
      "18": 2,
      "22": 1,
      "36": 1,
      "42": 1,
      "46": 1,
      "53": 1
    },
    "10": {
      "3": 21,
      "4": 2,
      "5": 2,
      "7": 2,
      "8": 2,
      "9": 1,
      "10": 1,
      "11": 1,
      "12": 2,
      "14": 1,
      "15": 1,
      "17": 1,
      "21": 1,
      "35": 1,
      "46": 1
    },
    "11": {
      "3": 15,
      "4": 3,
      "5": 2,
      "6": 1,
      "7": 3,
      "8": 2,
      "10": 1,
      "12": 1,
      "14": 1,
      "17": 1,
      "18": 1,
      "23": 1,
      "25": 1,
      "37": 1,
      "49": 1
    },
    "12": {
      "3": 10,
      "7": 2,
      "9": 1,
      "12": 1,
      "17": 1,
      "23": 2,
      "31": 1,
      "40": 1
    },
    "13": {
      "3": 11,
      "6": 1,
      "10": 1,
      "12": 1,
      "15": 1,
      "19": 1,
      "20": 1,
      "25": 1,
      "28": 1,
      "33": 1,
      "44": 1,
      "92": 1
    },
    "14": {
      "3": 4,
      "4": 2,
      "6": 1,
      "8": 1,
      "10": 2,
      "11": 1,
      "14": 1,
      "30": 1,
      "47": 1,
      "109": 1
    },
    "15": {
      "3": 2,
      "4": 2,
      "5": 1,
      "7": 1,
      "8": 2,
      "9": 2,
      "12": 1,
      "16": 1,
      "17": 1,
      "26": 1,
      "34": 1,
      "46": 1
    },
    "16": {
      "3": 4,
      "8": 1,
      "17": 1,
      "20": 1,
      "23": 1,
      "28": 1,
      "29": 1,
      "30": 1,
      "33": 1
    },
    "17": {
      "10": 1,
      "12": 1,
      "13": 2,
      "16": 1,
      "21": 1,
      "52": 1
    },
    "18": {
      "3": 2,
      "8": 1,
      "9": 1,
      "14": 1,
      "16": 3,
      "48": 1,
      "156": 1
    },
    "19": {
      "3": 1,
      "13": 1,
      "15": 1,
      "19": 1,
      "23": 1,
      "27": 1,
      "43": 1
    },
    "20": {
      "7": 1,
      "8": 1,
      "10": 1,
      "23": 1,
      "24": 1,
      "32": 1,
      "35": 1,
      "49": 1,
      "57": 1
    },
    "21": {
      "9": 1,
      "15": 1,
      "21": 1,
      "25": 1,
      "31": 1,
      "32": 1
    },
    "22": {
      "3": 2,
      "4": 1,
      "12": 1,
      "29": 1,
      "39": 1
    },
    "23": {
      "3": 1,
      "17": 1,
      "25": 1,
      "77": 1
    },
    "24": {
      "17": 1,
      "19": 1
    },
    "25": {
      "3": 2,
      "7": 1,
      "29": 1,
      "44": 1,
      "54": 2,
      "64": 1
    },
    "27": {
      "3": 1,
      "31": 1,
      "58": 1
    },
    "29": {
      "33": 1
    },
    "30": {
      "83": 1
    },
    "31": {
      "25": 1
    },
    "32": {
      "73": 1
    },
    "36": {
      "10": 1
    },
    "43": {
      "46": 1
    },
    "49": {
      "60": 1
    },
    "85": {
      "4": 1
    }
  }
}