{
  "repo": "hibernate-orm",
  "totalMethods": 20976,
  "totalHistoryEquals1": 5246,
  "totalHistory2To5": 12783,
  "totalHistory6To10": 2528,
  "totalHistoryGt10": 419,
  "totalHistoryCount": {
    "0": 494,
    "1": 5246,
    "2": 2711,
    "3": 4097,
    "4": 3683,
    "5": 1798,
    "6": 1113,
    "7": 619,
    "8": 429,
    "9": 226,
    "10": 141,
    "11": 108,
    "12": 82,
    "13": 65,
    "14": 39,
    "15": 30,
    "16": 20,
    "17": 17,
    "18": 16,
    "19": 10,
    "20": 4,
    "21": 5,
    "22": 7,
    "23": 4,
    "25": 3,
    "26": 3,
    "27": 2,
    "28": 1,
    "32": 2,
    "42": 1
  },
  "avgSizeShovel": 3.35812356979405,
  "avgSizeBase": 1.3394832189168573,
  "medianSizeShovel": 3,
  "medianSizeBase": 1,
  "changeStats": {
    "Ybodychange": 17856,
    "Yfilerename": 29270,
    "Yintroduced": 20069,
    "Yparameterchange": 3501,
    "Yexceptionschange": 458,
    "Ymovefromfile": 2631,
    "Ymodifierchange": 855,
    "Yrename": 1441,
    "Yreturntypechange": 1667,
    "Yparametermetachange": 83
  },
  "countSmallMethodsForOneChange": 3560,
  "countSmallMethodsForMoreThanOneChange": 7947,
  "avgMethodSizeOneChange": 6.614182234083111,
  "avgMethodsMoreThanOneChange": 9.560584869675779,
  "statsMethodsOneChange": {
    "setters": 128,
    "getters": 1986,
    "tests": 0
  },
  "methodSizeStatsLeftNumChangesRightNumLinesNumMethods": {
    "0": {
      "2": 1,
      "3": 346,
      "4": 34,
      "5": 10,
      "6": 12,
      "7": 16,
      "8": 7,
      "9": 15,
      "10": 5,
      "11": 5,
      "13": 4,
      "14": 4,
      "15": 1,
      "16": 4,
      "17": 3,
      "18": 2,
      "20": 4,
      "21": 3,
      "22": 1,
      "23": 2,
      "25": 3,
      "26": 1,
      "27": 1,
      "28": 3,
      "29": 1,
      "32": 1,
      "35": 1,
      "45": 1,
      "46": 1,
      "49": 1,
      "55": 1
    },
    "1": {
      "1": 4,
      "2": 17,
      "3": 3192,
      "4": 468,
      "5": 163,
      "6": 154,
      "7": 157,
      "8": 142,
      "9": 101,
      "10": 91,
      "11": 84,
      "12": 67,
      "13": 51,
      "14": 48,
      "15": 48,
      "16": 46,
      "17": 34,
      "18": 30,
      "19": 38,
      "20": 21,
      "21": 36,
      "22": 12,
      "23": 15,
      "24": 22,
      "25": 13,
      "26": 14,
      "27": 17,
      "28": 9,
      "29": 11,
      "30": 14,
      "31": 7,
      "32": 4,
      "33": 6,
      "34": 6,
      "35": 8,
      "36": 5,
      "37": 5,
      "38": 7,
      "39": 8,
      "40": 8,
      "42": 3,
      "43": 1,
      "44": 4,
      "45": 2,
      "46": 5,
      "48": 3,
      "50": 1,
      "51": 5,
      "52": 2,
      "53": 2,
      "55": 1,
      "56": 2,
      "57": 3,
      "58": 2,
      "59": 1,
      "60": 1,
      "63": 1,
      "64": 1,
      "66": 2,
      "68": 1,
      "72": 3,
      "75": 2,
      "77": 1,
      "79": 2,
      "82": 1,
      "84": 1,
      "85": 1,
      "87": 1,
      "90": 2,
      "92": 1,
      "122": 1,
      "161": 1,
      "172": 1,
      "209": 1,
      "219": 1
    },
    "2": {
      "2": 38,
      "3": 1401,
      "4": 265,
      "5": 94,
      "6": 98,
      "7": 66,
      "8": 89,
      "9": 79,
      "10": 53,
      "11": 48,
      "12": 52,
      "13": 37,
      "14": 38,
      "15": 27,
      "16": 33,
      "17": 26,
      "18": 32,
      "19": 15,
      "20": 12,
      "21": 16,
      "22": 14,
      "23": 9,
      "24": 15,
      "25": 9,
      "26": 5,
      "27": 11,
      "28": 8,
      "29": 10,
      "30": 13,
      "31": 5,
      "32": 6,
      "33": 9,
      "34": 7,
      "35": 9,
      "36": 3,
      "37": 4,
      "38": 1,
      "39": 8,
      "40": 2,
      "41": 3,
      "42": 1,
      "43": 1,
      "44": 2,
      "45": 1,
      "46": 5,
      "47": 3,
      "48": 1,
      "49": 3,
      "50": 2,
      "51": 4,
      "52": 2,
      "53": 1,
      "55": 1,
      "57": 2,
      "59": 1,
      "62": 1,
      "64": 1,
      "68": 1,
      "69": 1,
      "70": 1,
      "72": 1,
      "73": 1,
      "75": 1,
      "78": 2,
      "81": 1,
      "108": 1,
      "111": 1
    },
    "3": {
      "1": 3,
      "2": 39,
      "3": 2853,
      "4": 263,
      "5": 121,
      "6": 110,
      "7": 68,
      "8": 88,
      "9": 60,
      "10": 45,
      "11": 49,
      "12": 35,
      "13": 34,
      "14": 22,
      "15": 39,
      "16": 23,
      "17": 22,
      "18": 20,
      "19": 14,
      "20": 10,
      "21": 21,
      "22": 12,
      "23": 6,
      "24": 15,
      "25": 5,
      "26": 5,
      "27": 5,
      "28": 7,
      "29": 8,
      "30": 5,
      "31": 6,
      "32": 4,
      "33": 3,
      "34": 4,
      "35": 10,
      "36": 4,
      "37": 4,
      "38": 2,
      "39": 7,
      "40": 3,
      "41": 2,
      "42": 1,
      "43": 1,
      "45": 1,
      "46": 1,
      "47": 2,
      "48": 2,
      "50": 1,
      "52": 3,
      "56": 1,
      "58": 1,
      "60": 1,
      "62": 1,
      "64": 1,
      "66": 1,
      "67": 2,
      "68": 1,
      "69": 1,
      "70": 2,
      "76": 1,
      "77": 1,
      "78": 1,
      "85": 1,
      "87": 1,
      "88": 1,
      "92": 2,
      "93": 1,
      "97": 1,
      "98": 1,
      "104": 2,
      "110": 1,
      "113": 1,
      "125": 1,
      "208": 1
    },
    "4": {
      "1": 1,
      "2": 16,
      "3": 2188,
      "4": 334,
      "5": 133,
      "6": 116,
      "7": 123,
      "8": 119,
      "9": 86,
      "10": 58,
      "11": 52,
      "12": 62,
      "13": 42,
      "14": 48,
      "15": 26,
      "16": 20,
      "17": 24,
      "18": 24,
      "19": 18,
      "20": 18,
      "21": 14,
      "22": 11,
      "23": 7,
      "24": 18,
      "25": 9,
      "26": 10,
      "27": 4,
      "28": 7,
      "29": 3,
      "30": 8,
      "31": 4,
      "32": 5,
      "33": 5,
      "34": 4,
      "35": 6,
      "36": 6,
      "37": 5,
      "38": 3,
      "39": 3,
      "40": 2,
      "41": 1,
      "42": 1,
      "43": 1,
      "44": 3,
      "45": 2,
      "46": 3,
      "47": 3,
      "48": 1,
      "49": 1,
      "50": 2,
      "51": 2,
      "52": 1,
      "53": 2,
      "55": 1,
      "56": 2,
      "57": 1,
      "59": 1,
      "61": 2,
      "63": 1,
      "64": 1,
      "65": 1,
      "67": 1,
      "69": 1,
      "73": 1,
      "83": 1,
      "87": 3,
      "89": 1,
      "97": 1,
      "132": 1
    },
    "5": {
      "2": 9,
      "3": 716,
      "4": 166,
      "5": 80,
      "6": 81,
      "7": 50,
      "8": 72,
      "9": 64,
      "10": 52,
      "11": 52,
      "12": 50,
      "13": 31,
      "14": 28,
      "15": 32,
      "16": 27,
      "17": 15,
      "18": 41,
      "19": 13,
      "20": 16,
      "21": 11,
      "22": 11,
      "23": 9,
      "24": 12,
      "25": 18,
      "26": 8,
      "27": 9,
      "28": 6,
      "29": 10,
      "30": 8,
      "31": 3,
      "32": 6,
      "33": 8,
      "34": 8,
      "35": 5,
      "36": 5,
      "37": 2,
      "38": 5,
      "39": 4,
      "40": 9,
      "43": 2,
      "44": 2,
      "45": 1,
      "46": 1,
      "47": 2,
      "49": 1,
      "52": 1,
      "53": 1,
      "55": 4,
      "56": 1,
      "57": 1,
      "60": 1,
      "61": 2,
      "63": 1,
      "64": 1,
      "65": 1,
      "69": 3,
      "71": 1,
      "73": 1,
      "77": 1,
      "78": 1,
      "80": 2,
      "81": 1,
      "88": 1,
      "92": 1,
      "94": 2,
      "95": 2,
      "96": 1,
      "102": 1,
      "109": 1,
      "114": 1,
      "170": 1,
      "190": 1,
      "191": 1
    },
    "6": {
      "2": 1,
      "3": 381,
      "4": 86,
      "5": 55,
      "6": 42,
      "7": 44,
      "8": 38,
      "9": 28,
      "10": 33,
      "11": 37,
      "12": 38,
      "13": 35,
      "14": 24,
      "15": 14,
      "16": 22,
      "17": 20,
      "18": 17,
      "19": 9,
      "20": 13,
      "21": 14,
      "22": 12,
      "23": 6,
      "24": 10,
      "25": 11,
      "26": 5,
      "27": 12,
      "28": 3,
      "29": 9,
      "30": 6,
      "31": 7,
      "32": 5,
      "33": 1,
      "34": 7,
      "35": 4,
      "36": 6,