{
  "repo": "checkstyle",
  "totalMethods": 3104,
  "failedMethods": 2,
  "totalHistoryEquals1": 560,
  "totalHistory2To5": 1621,
  "totalHistory6To10": 620,
  "totalHistoryGt10": 303,
  "totalChanges": 15406,
  "avgMethodLifetimeInDays": 2745.8255191454473,
  "avgSize": 4.963273195876289,
  "medianSize": 4,
  "totalTimeTaken": 3024812,
  "totalCommitsSeen": 208387,
  "avgTimeTaken": 974.4884020618557,
  "avgTotalCommitsSeen": 67.13498711340206,
  "medianTimeTaken": 841,
  "medianNumCommitsSeen": 56,
  "countSmallMethodsForOneChange": 276,
  "countSmallMethodsForMoreThanOneChange": 1051,
  "numMethodsWithCrossFileChanges": 1660,
  "fragmentMethodsWithCrossFileChanges": 0.5347938144329897,
  "avgMethodSizeOneChange": 6.928571428571429,
  "avgMethodsMoreThanOneChange": 9.40998427672956,
  "changeStats": {
    "Ybodychange": 9203,
    "Yintroduced": 3102,
    "Yrename": 335,
    "Yparameterchange": 1736,
    "Yfilerename": 2171,
    "Ymodifierchange": 502,
    "Yexceptionschange": 90,
    "Ymovefromfile": 302,
    "Yreturntypechange": 127,
    "Yparametermetachange": 30
  },
  "totalHistoryCount": {
    "1": 560,
    "2": 512,
    "3": 439,
    "4": 373,
    "5": 297,
    "6": 185,
    "7": 157,
    "8": 108,
    "9": 82,
    "10": 88,
    "11": 55,
    "12": 44,
    "13": 41,
    "14": 18,
    "15": 35,
    "16": 19,
    "17": 19,
    "18": 8,
    "19": 11,
    "20": 6,
    "21": 10,
    "22": 8,
    "23": 7,
    "24": 2,
    "25": 2,
    "26": 3,
    "27": 1,
    "28": 2,
    "29": 1,
    "30": 1,
    "31": 1,
    "32": 1,
    "34": 3,
    "40": 1,
    "43": 1,
    "49": 1,
    "62": 1,
    "70": 1
  },
  "statsMethodsOneChange": {
    "setters": 59,
    "getters": 153,
    "tests": 0
  },
  "methodSizeStatsLeftNumChangesRightNumLinesNumMethods": {
    "1": {
      "3": 276,
      "4": 29,
      "5": 37,
      "6": 18,
      "7": 22,
      "8": 26,
      "9": 20,
      "10": 17,
      "11": 20,
      "12": 25,
      "13": 5,
      "14": 9,
      "15": 11,
      "16": 6,
      "17": 5,
      "18": 4,
      "19": 4,
      "20": 5,
      "21": 2,
      "22": 1,
      "23": 2,
      "24": 3,
      "25": 1,
      "26": 3,
      "27": 2,
      "28": 1,
      "29": 1,
      "32": 1,
      "34": 1,
      "38": 2,
      "88": 1
    },
    "2": {
      "3": 234,
      "4": 31,
      "5": 21,
      "6": 17,
      "7": 21,
      "8": 24,
      "9": 13,
      "10": 21,
      "11": 15,
      "12": 14,
      "13": 12,
      "14": 15,
      "15": 10,
      "16": 7,
      "17": 8,
      "18": 7,
      "19": 4,
      "20": 7,
      "21": 3,
      "22": 3,
      "23": 2,
      "26": 1,
      "27": 3,
      "28": 3,
      "29": 3,
      "30": 3,
      "32": 1,
      "33": 1,
      "34": 1,
      "36": 1,
      "37": 1,
      "39": 1,
      "40": 1,
      "48": 1,
      "50": 1,
      "52": 1
    },
    "3": {
      "3": 271,
      "4": 15,
      "5": 24,
      "6": 10,
      "7": 17,
      "8": 9,
      "9": 7,
      "10": 7,
      "11": 7,
      "12": 10,
      "13": 9,
      "14": 4,
      "15": 7,
      "16": 5,
      "17": 3,
      "18": 5,
      "19": 2,
      "20": 5,
      "21": 2,
      "22": 4,
      "23": 1,
      "24": 2,
      "27": 3,
      "28": 1,
      "30": 4,
      "34": 2,
      "37": 1,
      "44": 1,
      "46": 1
    },
    "4": {
      "3": 210,
      "4": 33,
      "5": 27,
      "6": 7,
      "7": 10,
      "8": 3,
      "9": 7,
      "10": 13,
      "11": 8,
      "12": 10,
      "13": 4,
      "14": 6,
      "15": 4,
      "16": 3,
      "17": 3,
      "18": 4,
      "19": 3,
      "20": 1,
      "21": 3,
      "22": 1,
      "23": 4,
      "24": 1,
      "25": 3,
      "27": 1,
      "36": 1,
      "42": 1,
      "49": 1,
      "55": 1
    },
    "5": {
      "3": 149,
      "4": 26,
      "5": 8,
      "6": 10,
      "7": 6,
      "8": 11,
      "9": 8,
      "10": 6,
      "11": 10,
      "12": 11,
      "13": 2,
      "14": 4,
      "15": 6,
      "16": 6,
      "17": 4,
      "18": 3,
      "19": 3,
      "20": 2,
      "21": 3,
      "22": 3,
      "23": 2,
      "24": 1,
      "29": 2,
      "32": 1,
      "33": 1,
      "34": 1,
      "36": 2,
      "37": 1,
      "40": 1,
      "41": 1,
      "42": 1,
      "50": 1,
      "66": 1
    },
    "6": {
      "3": 79,
      "4": 10,
      "5": 11,
      "6": 11,
      "7": 10,
      "8": 10,
      "9": 6,
      "10": 8,
      "11": 5,
      "12": 3,
      "13": 2,
      "14": 2,
      "15": 3,
      "16": 3,
      "17": 1,
      "18": 1,
      "20": 3,
      "21": 1,
      "23": 3,
      "26": 2,
      "27": 3,
      "28": 1,
      "29": 1,
      "30": 1,
      "32": 1,
      "33": 1,
      "34": 1,
      "44": 1,
      "60": 1
    },
    "7": {
      "3": 49,
      "4": 11,
      "5": 6,
      "6": 5,
      "7": 10,
      "8": 7,
      "9": 5,
      "10": 14,
      "11": 7,
      "12": 2,
      "13": 4,
      "14": 4,
      "15": 6,
      "16": 3,
      "17": 4,
      "18": 3,
      "19": 4,
      "20": 3,
      "21": 2,
      "25": 3,
      "26": 1,
      "29": 2,
      "40": 1,
      "45": 1
    },
    "8": {
      "3": 23,
      "4": 3,
      "5": 2,
      "6": 6,
      "7": 8,
      "8": 8,
      "9": 4,
      "10": 8,
      "11": 2,
      "12": 7,
      "13": 3,
      "14": 6,
      "16": 4,
      "17": 3,
      "18": 3,
      "19": 4,
      "20": 1,
      "21": 5,
      "23": 4,
      "31": 1,
      "36": 1,
      "41": 1,
      "69": 1
    },
    "9": {
      "3": 8,
      "4": 5,
      "5": 3,
      "6": 5,
      "7": 4,
      "8": 8,
      "9": 3,
      "10": 7,
      "11": 5,
      "12": 9,
      "14": 3,
      "15": 4,
      "16": 3,
      "18": 1,
      "19": 3,
      "21": 1,
      "22": 2,
      "23": 1,
      "24": 1,
      "29": 1,
      "30": 2,
      "31": 1,
      "36": 1,
      "51": 1
    },
    "10": {
      "3": 13,
      "4": 6,
      "5": 2,
      "6": 2,
      "7": 8,
      "8": 1,
      "9": 2,
      "10": 11,
      "11": 7,
      "12": 3,
      "13": 2,
      "14": 1,
      "15": 5,
      "16": 1,
      "17": 4,
      "18": 3,
      "19": 2,
      "20": 1,
      "21": 3,
      "22": 2,
      "23": 2,
      "26": 2,
      "27": 3,
      "32": 1,
      "69": 1
    },
    "11": {
      "3": 6,
      "4": 1,
      "5": 1,
      "6": 1,
      "7": 5,
      "8": 1,
      "9": 2,
      "10": 3,
      "11": 4,
      "13": 1,
      "14": 3,
      "15": 4,
      "16": 4,
      "17": 1,
      "18": 1,
      "19": 2,
      "21": 1,
      "22": 1,
      "23": 4,
      "25": 2,
      "26": 1,
      "27": 1,
      "29": 1,
      "32": 1,
      "33": 1,
      "36": 1,
      "43": 1
    },
    "12": {
      "3": 4,
      "6": 2,
      "7": 1,
      "8": 4,
      "9": 2,
      "10": 1,
      "11": 2,
      "13": 3,
      "14": 2,
      "15": 3,
      "16": 1,
      "17": 4,
      "18": 3,
      "19": 3,
      "24": 1,
      "25": 2,
      "26": 1,
      "27": 2,
      "29": 1,
      "30": 1,
      "42": 1
    },
    "13": {
      "3": 1,
      "4": 1,
      "5": 2,
      "6": 2,
      "9": 3,
      "10": 2,
      "11": 3,
      "12": 1,
      "13": 5,
      "14": 1,
      "15": 3,
      "17": 1,
      "18": 3,
      "19": 2,
      "20": 2,
      "22": 1,
      "23": 1,
      "24": 1,
      "26": 1,
      "28": 1,
      "33": 1,
      "36": 1,
      "60": 1,
      "63": 1
    },
    "14": {
      "3": 2,
      "6": 1,
      "10": 1,
      "11": 1,
      "12": 2,
      "14": 1,
      "15": 1,
      "18": 1,
      "19": 1,
      "23": 1,
      "24": 1,
      "25": 1,
      "26": 1,
      "27": 1,
      "30": 1,
      "35": 1
    },
    "15": {
      "3": 1,
      "4": 1,
      "5": 1,
      "8": 1,
      "9": 2,
      "10": 4,
      "11": 1,
      "13": 4,
      "14": 1,
      "15": 1,
      "16": 2,
      "17": 1,
      "19": 4,
      "24": 1,
      "27": 2,
      "31": 1,
      "33": 1,
      "34": 1,
      "35": 1,
      "37": 1,
      "41": 1,
      "45": 1,
      "51": 1
    },
    "16": {
      "7": 2,
      "8": 1,
      "10": 1,
      "12": 3,
      "14": 1,
      "17": 2,