{
  "repo": "hibernate-search",
  "totalMethods": 5089,
  "failedMethods": 19,
  "totalHistoryEquals1": 1526,
  "totalHistory2To5": 2259,
  "totalHistory6To10": 960,
  "totalHistoryGt10": 344,
  "totalChanges": 21894,
  "avgMethodLifetimeInDays": 1075.2911197486253,
  "avgSize": 4.302220475535469,
  "medianSize": 3,
  "totalTimeTaken": 3296936,
  "totalCommitsSeen": 173036,
  "avgTimeTaken": 647.8553743368049,
  "avgTotalCommitsSeen": 34.00196502259776,
  "medianTimeTaken": 475,
  "medianNumCommitsSeen": 16,
  "countSmallMethodsForOneChange": 876,
  "countSmallMethodsForMoreThanOneChange": 1524,
  "numMethodsWithCrossFileChanges": 2868,
  "fragmentMethodsWithCrossFileChanges": 0.5635684810375319,
  "avgMethodSizeOneChange": 5.879423328964613,
  "avgMethodsMoreThanOneChange": 9.191131069323603,
  "changeStats": {
    "Ybodychange": 7610,
    "Yfilerename": 7952,
    "Yrename": 578,
    "Yintroduced": 5070,
    "Ymovefromfile": 867,
    "Yreturntypechange": 712,
    "Ymodifierchange": 366,
    "Yparameterchange": 1605,
    "Yexceptionschange": 91,
    "Yparametermetachange": 22
  },
  "totalHistoryCount": {
    "1": 1526,
    "2": 751,
    "3": 525,
    "4": 537,
    "5": 446,
    "6": 328,
    "7": 293,
    "8": 140,
    "9": 115,
    "10": 84,
    "11": 61,
    "12": 46,
    "13": 27,
    "14": 37,
    "15": 19,
    "16": 25,
    "17": 15,
    "18": 9,
    "19": 10,
    "20": 19,
    "21": 6,
    "22": 11,
    "23": 8,
    "24": 8,
    "25": 8,
    "26": 3,
    "27": 6,
    "28": 4,
    "29": 2,
    "30": 1,
    "31": 2,
    "32": 5,
    "33": 1,
    "35": 1,
    "36": 1,
    "39": 1,
    "41": 2,
    "43": 1,
    "45": 1,
    "48": 1,
    "51": 1,
    "55": 1,
    "62": 1
  },
  "statsMethodsOneChange": {
    "setters": 53,
    "getters": 402,
    "tests": 0
  },
  "methodSizeStatsLeftNumChangesRightNumLinesNumMethods": {
    "1": {
      "1": 1,
      "2": 6,
      "3": 869,
      "4": 144,
      "5": 67,
      "6": 65,
      "7": 56,
      "8": 72,
      "9": 37,
      "10": 23,
      "11": 29,
      "12": 26,
      "13": 11,
      "14": 18,
      "15": 14,
      "16": 9,
      "17": 6,
      "18": 7,
      "19": 6,
      "20": 6,
      "21": 8,
      "22": 6,
      "23": 3,
      "24": 6,
      "25": 4,
      "26": 1,
      "27": 3,
      "28": 3,
      "29": 3,
      "31": 2,
      "32": 2,
      "33": 2,
      "34": 1,
      "38": 2,
      "39": 1,
      "43": 1,
      "45": 1,
      "47": 1,
      "65": 1,
      "71": 1,
      "77": 1,
      "98": 1
    },
    "2": {
      "2": 2,
      "3": 366,
      "4": 67,
      "5": 34,
      "6": 35,
      "7": 36,
      "8": 41,
      "9": 26,
      "10": 13,
      "11": 16,
      "12": 19,
      "13": 10,
      "14": 11,
      "15": 6,
      "16": 11,
      "17": 11,
      "18": 1,
      "19": 8,
      "20": 5,
      "21": 4,
      "22": 2,
      "24": 3,
      "25": 3,
      "26": 2,
      "27": 1,
      "28": 4,
      "29": 1,
      "32": 2,
      "33": 2,
      "34": 1,
      "36": 1,
      "41": 1,
      "44": 1,
      "47": 1,
      "49": 1,
      "54": 1,
      "56": 1,
      "60": 1
    },
    "3": {
      "2": 2,
      "3": 238,
      "4": 92,
      "5": 19,
      "6": 24,
      "7": 18,
      "8": 17,
      "9": 14,
      "10": 10,
      "11": 10,
      "12": 10,
      "13": 7,
      "14": 7,
      "15": 5,
      "16": 3,
      "17": 1,
      "18": 8,
      "19": 8,
      "20": 3,
      "21": 3,
      "23": 1,
      "25": 1,
      "26": 4,
      "27": 4,
      "29": 2,
      "30": 1,
      "32": 1,
      "38": 2,
      "39": 1,
      "40": 1,
      "42": 1,
      "47": 1,
      "48": 1,
      "50": 1,
      "55": 1,
      "65": 1,
      "77": 1,
      "78": 1
    },
    "4": {
      "2": 2,
      "3": 293,
      "4": 66,
      "5": 14,
      "6": 35,
      "7": 11,
      "8": 16,
      "9": 10,
      "10": 9,
      "11": 12,
      "12": 7,
      "13": 6,
      "14": 7,
      "15": 5,
      "16": 5,
      "17": 3,
      "18": 2,
      "19": 3,
      "20": 4,
      "21": 1,
      "22": 3,
      "24": 1,
      "25": 4,
      "26": 2,
      "27": 4,
      "29": 1,
      "30": 2,
      "31": 1,
      "32": 3,
      "33": 1,
      "35": 1,
      "37": 1,
      "45": 1,
      "64": 1
    },
    "5": {
      "2": 2,
      "3": 203,
      "4": 50,
      "5": 23,
      "6": 31,
      "7": 19,
      "8": 11,
      "9": 16,
      "10": 13,
      "11": 9,
      "13": 8,
      "14": 8,
      "15": 5,
      "16": 5,
      "17": 3,
      "18": 1,
      "19": 4,
      "20": 5,
      "21": 5,
      "22": 2,
      "23": 3,
      "24": 3,
      "26": 1,
      "27": 2,
      "28": 2,
      "29": 3,
      "31": 1,
      "34": 2,
      "39": 1,
      "42": 1,
      "50": 2,
      "55": 1,
      "58": 1
    },
    "6": {
      "2": 1,
      "3": 166,
      "4": 31,
      "5": 12,
      "6": 15,
      "7": 9,
      "8": 15,
      "9": 7,
      "10": 9,
      "11": 14,
      "12": 4,
      "13": 6,
      "14": 3,
      "15": 8,
      "16": 3,
      "17": 3,
      "18": 1,
      "20": 2,
      "21": 3,
      "24": 3,
      "25": 1,
      "26": 1,
      "29": 1,
      "31": 1,
      "33": 3,
      "36": 1,
      "50": 1,
      "53": 1,
      "57": 1,
      "65": 2
    },
    "7": {
      "2": 4,
      "3": 135,
      "4": 34,
      "5": 16,
      "6": 15,
      "7": 10,
      "8": 12,
      "9": 9,
      "10": 7,
      "11": 2,
      "12": 2,
      "13": 4,
      "14": 2,
      "15": 2,
      "16": 3,
      "17": 5,
      "18": 2,
      "19": 2,
      "20": 2,
      "21": 1,
      "22": 1,
      "23": 2,
      "24": 2,
      "25": 2,
      "27": 4,
      "28": 2,
      "29": 1,
      "31": 1,
      "33": 1,
      "36": 1,
      "37": 1,
      "38": 1,
      "40": 1,
      "45": 1,
      "52": 1,
      "60": 1,
      "81": 1
    },
    "8": {
      "2": 1,
      "3": 46,
      "4": 12,
      "5": 3,
      "6": 8,
      "7": 6,
      "8": 8,
      "9": 5,
      "10": 7,
      "11": 3,
      "12": 9,
      "13": 2,
      "14": 3,
      "15": 1,
      "16": 1,
      "17": 1,
      "18": 1,
      "19": 2,
      "20": 2,
      "21": 1,
      "22": 1,
      "24": 1,
      "25": 1,
      "26": 1,
      "27": 2,
      "28": 2,
      "30": 2,
      "31": 1,
      "40": 1,
      "46": 1,
      "57": 1,
      "61": 1,
      "64": 1,
      "79": 1,
      "332": 1
    },
    "9": {
      "3": 22,
      "4": 8,
      "5": 11,
      "6": 2,
      "7": 2,
      "8": 8,
      "9": 7,
      "10": 5,
      "11": 9,
      "12": 1,
      "13": 1,
      "14": 5,
      "15": 4,
      "16": 2,
      "17": 5,
      "18": 4,
      "19": 1,
      "20": 1,
      "21": 1,
      "22": 1,
      "23": 2,
      "26": 1,
      "27": 2,
      "28": 3,
      "32": 1,
      "34": 1,
      "35": 1,
      "37": 1,
      "43": 1,
      "44": 1,
      "45": 1
    },
    "10": {
      "3": 16,
      "4": 4,
      "5": 2,
      "6": 5,
      "7": 4,
      "8": 3,
      "9": 4,
      "10": 5,
      "11": 7,
      "12": 5,
      "13": 1,
      "14": 3,
      "15": 5,
      "16": 3,
      "17": 1,
      "19": 1,
      "21": 1,
      "22": 1,
      "23": 2,
      "24": 3,
      "26": 2,
      "35": 1,
      "36": 1,
      "37": 1,
      "38": 1,
      "78": 1,
      "123": 1
    },
    "11": {
      "3": 10,
      "4": 1,
      "5": 1,
      "6": 4,
      "7": 5,
      "8": 5,
      "9": 3,
      "10": 4,
      "11": 2,
      "13": 1,
      "14": 4,
      "16": 1,
      "17": 1,
      "18": 1,
      "19": 1,
      "21": 1,
      "22": 1,
      "23": 2,
      "24": 2,
      "27": 2,
      "28": 1,
      "33": 1,
      "35": 1,
      "39": 1,
      "41": 2,
      "47": 2,
      "99": 1
    },
    "12": {
      "3": 3,
      "4": 5,
      "5": 3,
      "6": 4,
      "7": 4,
      "9": 2,
      "10": 3,
      "11": 4,
      "13": 3,
      "14": 1,
      "16": 1,
      "21": 1,
      "22": 2,
      "23": 1,
      "24": 2,
      "25": 1,
      "26": 1,
      "35": 1,
      "41": 1,
      "46": 1,
      "49": 1,
      "50": 1
    },
    "13": {
      "3": 1,
      "5": 1,