{
  "repo": "jetty",
  "totalMethods": 11625,
  "failedMethods": 357,
  "totalHistoryEquals1": 4091,
  "totalHistory2To5": 6224,
  "totalHistory6To10": 931,
  "totalHistoryGt10": 379,
  "totalChanges": 31059,
  "avgMethodLifetimeInDays": 906.3532476621075,
  "avgSize": 2.671741935483871,
  "medianSize": 2,
  "totalTimeTaken": 9451575,
  "totalCommitsSeen": 610423,
  "avgTimeTaken": 813.0387096774193,
  "avgTotalCommitsSeen": 52.50950537634409,
  "medianTimeTaken": 495,
  "medianNumCommitsSeen": 30,
  "countSmallMethodsForOneChange": 131,
  "countSmallMethodsForMoreThanOneChange": 86,
  "numMethodsWithCrossFileChanges": 2564,
  "fragmentMethodsWithCrossFileChanges": 0.22055913978494623,
  "avgMethodSizeOneChange": 7.385724761671963,
  "avgMethodsMoreThanOneChange": 15.03530661003451,
  "changeStats": {
    "Ybodychange": 17249,
    "Yparametermetachange": 64,
    "Yintroduced": 9475,
    "Yparameterchange": 1411,
    "Yfilerename": 2554,
    "Ymovefromfile": 1540,
    "Yrename": 812,
    "Yreturntypechange": 857,
    "Ymodifierchange": 578,
    "Yexceptionschange": 236
  },
  "totalHistoryCount": {
    "0": 1616,
    "1": 4091,
    "2": 2154,
    "3": 1223,
    "4": 753,
    "5": 478,
    "6": 318,
    "7": 231,
    "8": 152,
    "9": 137,
    "10": 93,
    "11": 57,
    "12": 61,
    "13": 43,
    "14": 24,
    "15": 26,
    "16": 28,
    "17": 20,
    "18": 18,
    "19": 13,
    "20": 12,
    "21": 9,
    "22": 5,
    "23": 8,
    "24": 4,
    "25": 6,
    "26": 6,
    "27": 2,
    "28": 2,
    "29": 4,
    "30": 1,
    "31": 2,
    "32": 4,
    "33": 1,
    "34": 4,
    "35": 1,
    "36": 1,
    "39": 4,
    "40": 1,
    "41": 2,
    "42": 1,
    "43": 1,
    "45": 2,
    "47": 1,
    "50": 1,
    "59": 1,
    "76": 1,
    "92": 1,
    "94": 1
  },
  "statsMethodsOneChange": {
    "setters": 11,
    "getters": 8,
    "tests": 5
  },
  "methodSizeStatsLeftNumChangesRightNumLinesNumMethods": {
    "0": {
      "1": 4,
      "3": 26,
      "4": 811,
      "5": 106,
      "6": 89,
      "7": 68,
      "8": 42,
      "9": 39,
      "10": 39,
      "11": 33,
      "12": 28,
      "13": 15,
      "14": 32,
      "15": 23,
      "16": 20,
      "17": 18,
      "18": 17,
      "19": 9,
      "20": 14,
      "21": 8,
      "22": 18,
      "23": 11,
      "24": 8,
      "25": 6,
      "26": 4,
      "27": 10,
      "28": 6,
      "29": 3,
      "30": 9,
      "31": 12,
      "33": 4,
      "34": 7,
      "35": 6,
      "36": 4,
      "37": 2,
      "38": 5,
      "39": 1,
      "40": 3,
      "41": 3,
      "42": 2,
      "43": 2,
      "44": 3,
      "45": 2,
      "46": 3,
      "47": 1,
      "48": 4,
      "49": 1,
      "50": 2,
      "51": 4,
      "53": 1,
      "57": 1,
      "58": 2,
      "60": 1,
      "62": 1,
      "64": 1,
      "65": 1,
      "66": 1,
      "67": 1,
      "73": 1,
      "74": 1,
      "77": 1,
      "87": 1,
      "91": 1,
      "94": 1,
      "96": 1,
      "97": 1,
      "103": 1,
      "104": 2,
      "108": 1,
      "109": 2,
      "122": 1,
      "169": 1,
      "183": 1,
      "202": 1,
      "330": 1
    },
    "1": {
      "1": 25,
      "2": 2,
      "3": 74,
      "4": 2487,
      "5": 305,
      "6": 181,
      "7": 141,
      "8": 104,
      "9": 76,
      "10": 58,
      "11": 83,
      "12": 68,
      "13": 51,
      "14": 37,
      "15": 39,
      "16": 44,
      "17": 33,
      "18": 28,
      "19": 26,
      "20": 12,
      "21": 22,
      "22": 19,
      "23": 14,
      "24": 12,
      "25": 15,
      "26": 8,
      "27": 6,
      "28": 13,
      "29": 3,
      "30": 7,
      "31": 7,
      "32": 3,
      "33": 6,
      "34": 8,
      "35": 5,
      "36": 6,
      "37": 9,
      "38": 1,
      "39": 1,
      "40": 2,
      "41": 1,
      "42": 1,
      "43": 2,
      "44": 3,
      "45": 1,
      "47": 3,
      "48": 3,
      "49": 1,
      "51": 1,
      "52": 3,
      "53": 1,
      "55": 3,
      "56": 1,
      "58": 2,
      "63": 2,
      "67": 1,
      "68": 1,
      "69": 3,
      "72": 3,
      "73": 3,
      "74": 1,
      "83": 1,
      "93": 1,
      "97": 1,
      "103": 1,
      "120": 1,
      "127": 1,
      "134": 1,
      "191": 1,
      "198": 1,
      "364": 1
    },
    "2": {
      "3": 30,
      "4": 1113,
      "5": 143,
      "6": 93,
      "7": 92,
      "8": 62,
      "9": 49,
      "10": 44,
      "11": 50,
      "12": 50,
      "13": 37,
      "14": 35,
      "15": 32,
      "16": 33,
      "17": 28,
      "18": 19,
      "19": 21,
      "20": 19,
      "21": 20,
      "22": 13,
      "23": 10,
      "24": 8,
      "25": 6,
      "26": 5,
      "27": 9,
      "28": 6,
      "29": 10,
      "30": 6,
      "31": 4,
      "32": 2,
      "33": 13,
      "34": 4,
      "35": 3,
      "36": 6,
      "37": 6,
      "38": 6,
      "39": 3,
      "40": 4,
      "41": 2,
      "42": 2,
      "43": 2,
      "44": 2,
      "46": 3,
      "47": 3,
      "49": 2,
      "50": 1,
      "51": 1,
      "52": 1,
      "53": 2,
      "54": 2,
      "55": 2,
      "56": 2,
      "57": 4,
      "59": 1,
      "60": 1,
      "61": 1,
      "62": 2,
      "63": 1,
      "64": 1,
      "65": 1,
      "68": 1,
      "69": 2,
      "70": 1,
      "72": 2,
      "73": 3,
      "76": 1,
      "81": 1,
      "86": 1,
      "87": 2,
      "104": 1,
      "105": 1,
      "107": 1,
      "110": 1,
      "123": 1,
      "125": 1,
      "126": 1
    },
    "3": {
      "1": 1,
      "3": 21,
      "4": 451,
      "5": 89,
      "6": 68,
      "7": 62,
      "8": 54,
      "9": 43,
      "10": 31,
      "11": 44,
      "12": 32,
      "13": 24,
      "14": 25,
      "15": 28,
      "16": 19,
      "17": 17,
      "18": 14,
      "19": 12,
      "20": 13,
      "21": 10,
      "22": 11,
      "23": 6,
      "24": 4,
      "25": 11,
      "26": 1,
      "27": 8,
      "28": 9,
      "29": 9,
      "30": 3,
      "31": 10,
      "32": 4,
      "33": 4,
      "34": 5,
      "35": 6,
      "36": 2,
      "37": 3,
      "38": 4,
      "39": 8,
      "40": 2,
      "41": 5,
      "42": 2,
      "43": 2,
      "45": 3,
      "46": 2,
      "48": 1,
      "49": 1,
      "50": 2,
      "54": 1,
      "58": 3,
      "59": 1,
      "60": 3,
      "61": 1,
      "62": 1,
      "63": 1,
      "64": 2,
      "65": 1,
      "66": 3,
      "67": 1,
      "71": 1,
      "76": 2,
      "77": 1,
      "78": 1,
      "80": 1,
      "82": 1,
      "83": 2,
      "85": 1,
      "87": 1,
      "94": 1,
      "96": 1,
      "98": 1,
      "111": 1,
      "135": 1,
      "145": 1,
      "151": 1,
      "177": 1
    },
    "4": {
      "3": 30,
      "4": 230,
      "5": 37,
      "6": 36,
      "7": 40,
      "8": 24,
      "9": 27,
      "10": 22,
      "11": 24,
      "12": 13,
      "13": 24,
      "14": 15,
      "15": 15,
      "16": 12,
      "17": 19,
      "18": 12,
      "19": 9,
      "20": 10,
      "21": 11,
      "22": 9,
      "23": 4,
      "24": 10,
      "25": 10,
      "26": 3,
      "27": 2,
      "28": 2,
      "29": 8,
      "30": 7,
      "31": 5,
      "32": 2,
      "33": 3,
      "34": 7,
      "35": 1,
      "36": 4,
      "37": 4,
      "38": 1,
      "39": 1,
      "40": 2,
      "41": 3,
      "42": 1,
      "43": 3,
      "44": 2,
      "45": 1,
      "46": 5,
      "47": 4,
      "48": 2,
      "50": 1,
      "51": 2,
      "53": 1,
      "54": 1,
      "55": 1,
      "56": 1,
      "57": 1,
      "58": 1,
      "62": 2,
      "63": 1,
      "65": 1,
      "72": 2,
      "73": 1,
      "74": 1,
      "75": 2,
      "76": 1,
      "80": 1,
      "87": 1,
      "89": 1,
      "99": 2,
      "100": 2,
      "101": 1,
      "106": 1,
      "110": 1,
      "114": 1,
      "117": 1,
      "124": 1,
      "126": 1,
      "145": 1,
      "156": 1,
      "249": 1
    },
    "5": {
      "3": 1,
      "4": 112,
      "5": 33,
      "6": 15,
      "7": 35,
      "8": 22,
      "9": 11,
      "10": 10,
      "11": 19,
      "12": 10,
      "13": 11,
      "14": 9,
      "15": 8,
      "16": 10,
      "17": 9,