{
  "repo": "commons-lang",
  "totalMethods": 2519,
  "failedMethods": 4,
  "totalHistoryEquals1": 275,
  "totalHistory2To5": 1354,
  "totalHistory6To10": 789,
  "totalHistoryGt10": 101,
  "totalChanges": 12004,
  "avgMethodLifetimeInDays": 2374.9312456842435,
  "avgSize": 4.7653830885271935,
  "medianSize": 4,
  "totalTimeTaken": 1334328,
  "totalCommitsSeen": 234442,
  "avgTimeTaken": 529.7054386661374,
  "avgTotalCommitsSeen": 93.06947201270346,
  "medianTimeTaken": 462,
  "medianNumCommitsSeen": 70,
  "countSmallMethodsForOneChange": 193,
  "countSmallMethodsForMoreThanOneChange": 915,
  "numMethodsWithCrossFileChanges": 1551,
  "fragmentMethodsWithCrossFileChanges": 0.6157205240174672,
  "avgMethodSizeOneChange": 4.665454545454545,
  "avgMethodsMoreThanOneChange": 9.262923351158646,
  "changeStats": {
    "Yparametermetachange": 1912,
    "Yintroduced": 2503,
    "Ybodychange": 3988,
    "Yexceptionschange": 20,
    "Yfilerename": 3176,
    "Ymodifierchange": 79,
    "Ymovefromfile": 125,
    "Yrename": 183,
    "Yreturntypechange": 304,
    "Yparameterchange": 484
  },
  "totalHistoryCount": {
    "0": 2,
    "1": 275,
    "2": 335,
    "3": 301,
    "4": 401,
    "5": 315,
    "6": 334,
    "7": 205,
    "8": 123,
    "9": 71,
    "10": 56,
    "11": 33,
    "12": 23,
    "13": 14,
    "14": 7,
    "15": 7,
    "16": 2,
    "17": 5,
    "18": 2,
    "19": 3,
    "20": 1,
    "21": 2,
    "24": 1,
    "35": 1
  },
  "statsMethodsOneChange": {
    "setters": 4,
    "getters": 89,
    "tests": 2
  },
  "methodSizeStatsLeftNumChangesRightNumLinesNumMethods": {
    "0": {
      "3": 2
    },
    "1": {
      "3": 191,
      "4": 35,
      "5": 4,
      "6": 6,
      "7": 5,
      "8": 2,
      "9": 1,
      "10": 7,
      "11": 3,
      "12": 3,
      "13": 5,
      "14": 2,
      "15": 2,
      "17": 2,
      "18": 1,
      "19": 1,
      "21": 2,
      "24": 1,
      "26": 1,
      "29": 1
    },
    "2": {
      "3": 112,
      "4": 17,
      "5": 43,
      "6": 38,
      "7": 16,
      "8": 10,
      "9": 8,
      "10": 2,
      "11": 13,
      "12": 6,
      "13": 2,
      "14": 2,
      "15": 12,
      "16": 12,
      "17": 7,
      "18": 1,
      "19": 1,
      "20": 1,
      "22": 8,
      "23": 3,
      "24": 14,
      "27": 2,
      "30": 2,
      "33": 1,
      "52": 1,
      "55": 1
    },
    "3": {
      "3": 160,
      "4": 17,
      "5": 5,
      "6": 27,
      "7": 10,
      "8": 5,
      "9": 4,
      "10": 5,
      "11": 7,
      "12": 6,
      "13": 2,
      "14": 3,
      "15": 2,
      "16": 1,
      "17": 7,
      "18": 2,
      "19": 1,
      "20": 2,
      "21": 2,
      "22": 1,
      "23": 1,
      "24": 1,
      "25": 1,
      "27": 2,
      "28": 1,
      "30": 1,
      "31": 2,
      "32": 2,
      "36": 2,
      "37": 1,
      "38": 2,
      "40": 9,
      "42": 1,
      "44": 1,
      "57": 1,
      "65": 2,
      "76": 1,
      "79": 1
    },
    "4": {
      "3": 237,
      "4": 19,
      "5": 16,
      "6": 49,
      "7": 5,
      "8": 8,
      "9": 13,
      "10": 15,
      "11": 4,
      "12": 9,
      "13": 1,
      "15": 2,
      "16": 2,
      "17": 8,
      "18": 1,
      "19": 2,
      "20": 1,
      "21": 4,
      "24": 1,
      "26": 1,
      "34": 1,
      "40": 1,
      "44": 1
    },
    "5": {
      "3": 169,
      "4": 10,
      "5": 2,
      "6": 35,
      "7": 12,
      "8": 10,
      "9": 8,
      "10": 6,
      "11": 1,
      "12": 14,
      "13": 5,
      "14": 10,
      "15": 2,
      "16": 4,
      "17": 2,
      "18": 6,
      "19": 1,
      "20": 2,
      "21": 2,
      "22": 1,
      "23": 1,
      "25": 2,
      "28": 2,
      "31": 1,
      "32": 1,
      "34": 1,
      "37": 1,
      "38": 1,
      "39": 1,
      "60": 1,
      "68": 1
    },
    "6": {
      "3": 115,
      "4": 43,
      "5": 5,
      "6": 22,
      "7": 21,
      "8": 10,
      "9": 6,
      "10": 21,
      "11": 15,
      "12": 11,
      "13": 13,
      "14": 12,
      "15": 2,
      "16": 9,
      "17": 1,
      "18": 1,
      "19": 12,
      "20": 9,
      "21": 1,
      "23": 1,
      "26": 1,
      "63": 1,
      "73": 1,
      "76": 1
    },
    "7": {
      "3": 70,
      "4": 7,
      "5": 7,
      "6": 31,
      "7": 20,
      "8": 5,
      "9": 3,
      "10": 8,
      "11": 3,
      "12": 7,
      "13": 6,
      "14": 10,
      "15": 5,
      "16": 1,
      "17": 1,
      "19": 2,
      "20": 1,
      "21": 1,
      "22": 1,
      "24": 9,
      "25": 1,
      "27": 1,
      "30": 1,
      "32": 1,
      "41": 1,
      "44": 1,
      "47": 1
    },
    "8": {
      "3": 25,
      "4": 17,
      "5": 12,
      "6": 12,
      "7": 4,
      "8": 8,
      "9": 5,
      "10": 6,
      "11": 4,
      "12": 2,
      "13": 1,
      "14": 7,
      "15": 2,
      "16": 2,
      "17": 5,
      "19": 1,
      "21": 1,
      "24": 1,
      "26": 1,
      "30": 1,
      "33": 1,
      "37": 1,
      "44": 3,
      "51": 1
    },
    "9": {
      "3": 10,
      "4": 2,
      "5": 1,
      "6": 1,
      "7": 7,
      "9": 4,
      "10": 1,
      "11": 4,
      "12": 2,
      "13": 1,
      "14": 6,
      "16": 5,
      "17": 4,
      "18": 3,
      "20": 2,
      "21": 1,
      "22": 4,
      "23": 1,
      "24": 1,
      "25": 1,
      "26": 1,
      "27": 1,
      "28": 2,
      "29": 1,
      "30": 1,
      "34": 1,
      "37": 1,
      "56": 1,
      "72": 1
    },
    "10": {
      "3": 9,
      "4": 1,
      "5": 2,
      "6": 1,
      "7": 2,
      "8": 2,
      "9": 5,
      "10": 1,
      "11": 2,
      "12": 3,
      "13": 1,
      "15": 1,
      "17": 7,
      "18": 1,
      "19": 2,
      "20": 1,
      "21": 1,
      "22": 1,
      "25": 2,
      "27": 7,
      "28": 1,
      "32": 1,
      "52": 1,
      "89": 1
    },
    "11": {
      "3": 4,
      "4": 1,
      "5": 2,
      "6": 1,
      "7": 2,
      "9": 3,
      "10": 2,
      "13": 1,
      "14": 3,
      "15": 1,
      "16": 1,
      "23": 1,
      "27": 3,
      "28": 2,
      "30": 1,
      "33": 1,
      "36": 1,
      "45": 1,
      "51": 1,
      "131": 1
    },
    "12": {
      "3": 1,
      "4": 1,
      "5": 1,
      "7": 2,
      "8": 3,
      "13": 1,
      "14": 1,
      "16": 1,
      "20": 2,
      "23": 1,
      "24": 1,
      "25": 1,
      "26": 1,
      "30": 1,
      "32": 1,
      "37": 1,
      "65": 1,
      "72": 1,
      "98": 1
    },
    "13": {
      "3": 1,
      "9": 1,
      "17": 5,
      "21": 1,
      "26": 1,
      "27": 1,
      "29": 1,
      "32": 2,
      "60": 1
    },
    "14": {
      "3": 1,
      "12": 1,
      "15": 1,
      "26": 2,
      "44": 1,
      "135": 1
    },
    "15": {
      "3": 1,
      "10": 1,
      "11": 1,
      "25": 1,
      "26": 1,
      "42": 1,
      "52": 1
    },
    "16": {
      "35": 1,
      "84": 1
    },
    "17": {
      "15": 1,
      "18": 1,
      "29": 1,
      "33": 1,
      "38": 1
    },
    "18": {
      "18": 1,
      "112": 1
    },
    "19": {
      "16": 1,
      "64": 1,
      "134": 1
    },
    "20": {
      "131": 1
    },
    "21": {
      "38": 1,
      "78": 1
    },
    "24": {
      "139": 1
    },
    "35": {
      "168": 1
    }
  }
}