{
  "totalMethods": 955,
  "totalHistoryEquals1": 313,
  "totalHistory2To5": 559,
  "totalHistory6To10": 71,
  "totalHistoryGt10": 12,
  "totalHistoryCount": {
    "0": 17,
    "1": 313,
    "2": 229,
    "3": 153,
    "4": 88,
    "5": 72,
    "6": 26,
    "7": 20,
    "8": 15,
    "9": 8,
    "10": 2,
    "11": 4,
    "12": 2,
    "13": 1,
    "14": 1,
    "15": 1,
    "17": 1,
    "24": 1,
    "46": 1
  },
  "avgSizeShovel": 2.7717277486910996,
  "avgSizeBase": 2.904712041884817,
  "medianSizeShovel": 2,
  "medianSizeBase": 2,
  "changeStats": {
    "Yintroduced": 914,
    "Ybodychange": 1488,
    "Yparameterchange": 117,
    "Yreturntypechange": 68,
    "Yparametermetachange": 14,
    "Yfilerename": 36,
    "Ymodifierchange": 106,
    "Yrename": 76,
    "Yexceptionschange": 8,
    "Ymovefromfile": 132
  },
  "countSmallMethodsForOneChange": 173,
  "countSmallMethodsForMoreThanOneChange": 191,
  "avgMethodSizeOneChange": 4.9105431309904155,
  "avgMethodsMoreThanOneChange": 8.69158878504673,
  "statsMethodsOneChange": {
    "setters": 3,
    "getters": 36,
    "tests": 0
  },
  "methodSizeStatsLeftNumChangesRightNumLinesNumMethods": {
    "0": {
      "1": 3,
      "2": 3,
      "3": 5,
      "4": 2,
      "6": 2,
      "8": 1,
      "15": 1
    },
    "1": {
      "3": 162,
      "4": 63,
      "5": 23,
      "6": 10,
      "7": 17,
      "8": 6,
      "9": 12,
      "10": 2,
      "11": 4,
      "12": 3,
      "13": 1,
      "14": 1,
      "15": 2,
      "16": 1,
      "17": 1,
      "24": 1,
      "27": 2,
      "36": 1,
      "45": 1
    },
    "2": {
      "2": 2,
      "3": 102,
      "4": 18,
      "5": 18,
      "6": 24,
      "7": 14,
      "8": 12,
      "9": 6,
      "10": 7,
      "11": 5,
      "13": 5,
      "14": 3,
      "15": 2,
      "16": 1,
      "18": 1,
      "19": 2,
      "21": 1,
      "22": 1,
      "23": 1,
      "25": 1,
      "28": 1,
      "30": 1,
      "32": 1
    },
    "3": {
      "3": 45,
      "4": 19,
      "5": 11,
      "6": 11,
      "7": 13,
      "8": 8,
      "9": 11,
      "10": 9,
      "11": 5,
      "12": 4,
      "13": 1,
      "14": 3,
      "15": 1,
      "16": 1,
      "17": 1,
      "21": 3,
      "23": 1,
      "26": 1,
      "28": 1,
      "29": 1,
      "30": 1,
      "39": 1,
      "74": 1
    },
    "4": {
      "3": 17,
      "4": 18,
      "5": 10,
      "6": 6,
      "7": 5,
      "8": 4,
      "9": 4,
      "10": 2,
      "11": 2,
      "12": 2,
      "13": 1,
      "14": 2,
      "15": 3,
      "17": 1,
      "18": 1,
      "19": 1,
      "20": 1,
      "21": 4,
      "22": 1,
      "23": 1,
      "31": 1,
      "48": 1
    },
    "5": {
      "3": 14,
      "4": 3,
      "5": 9,
      "6": 4,
      "7": 3,
      "8": 4,
      "9": 5,
      "10": 5,
      "11": 3,
      "12": 4,
      "14": 3,
      "18": 1,
      "19": 3,
      "25": 2,
      "26": 1,
      "28": 1,
      "29": 1,
      "33": 1,
      "35": 2,
      "37": 1,
      "50": 1,
      "51": 1
    },
    "6": {
      "3": 3,
      "4": 2,
      "6": 5,
      "8": 2,
      "9": 1,
      "10": 4,
      "11": 1,
      "13": 2,
      "15": 1,
      "17": 1,
      "18": 1,
      "20": 1,
      "22": 1,
      "61": 1
    },
    "7": {
      "3": 2,
      "5": 1,
      "6": 1,
      "7": 2,
      "8": 2,
      "9": 1,
      "10": 1,
      "11": 1,
      "14": 1,
      "16": 2,
      "19": 1,
      "20": 2,
      "22": 1,
      "41": 1,
      "42": 1
    },
    "8": {
      "3": 2,
      "4": 1,
      "6": 3,
      "10": 2,
      "12": 2,
      "15": 1,
      "21": 1,
      "28": 2,
      "51": 1
    },
    "9": {
      "3": 2,
      "5": 2,
      "10": 1,
      "20": 2,
      "29": 1
    },
    "10": {
      "17": 1,
      "24": 1
    },
    "11": {
      "3": 1,
      "4": 1,
      "13": 1,
      "38": 1
    },
    "12": {
      "50": 1,
      "74": 1
    },
    "13": {
      "3": 1
    },
    "14": {
      "5": 1
    },
    "15": {
      "14": 1
    },
    "17": {
      "25": 1
    },
    "24": {
      "84": 1
    },
    "46": {
      "98": 1
    }
  }
}
