{
  "repo": "commons-io",
  "totalMethods": 993,
  "failedMethods": 0,
  "totalHistoryEquals1": 71,
  "totalHistory2To5": 691,
  "totalHistory6To10": 193,
  "totalHistoryGt10": 38,
  "totalChanges": 4338,
  "avgMethodLifetimeInDays": 2188.4479857847273,
  "avgSize": 4.3685800604229605,
  "medianSize": 4,
  "totalTimeTaken": 326390,
  "totalCommitsSeen": 72765,
  "avgTimeTaken": 328.6908358509567,
  "avgTotalCommitsSeen": 73.27794561933534,
  "medianTimeTaken": 248,
  "medianNumCommitsSeen": 30,
  "countSmallMethodsForOneChange": 35,
  "countSmallMethodsForMoreThanOneChange": 355,
  "numMethodsWithCrossFileChanges": 773,
  "fragmentMethodsWithCrossFileChanges": 0.7784491440080564,
  "avgMethodSizeOneChange": 6.943661971830986,
  "avgMethodsMoreThanOneChange": 7.919739696312364,
  "changeStats": {
    "Yparametermetachange": 772,
    "Ymovefromfile": 71,
    "Yintroduced": 994,
    "Ybodychange": 1732,
    "Yfilerename": 914,
    "Yparameterchange": 256,
    "Yreturntypechange": 63,
    "Yexceptionschange": 23,
    "Yrename": 50,
    "Ymodifierchange": 61
  },
  "totalHistoryCount": {
    "1": 71,
    "2": 151,
    "3": 228,
    "4": 190,
    "5": 122,
    "6": 66,
    "7": 67,
    "8": 28,
    "9": 20,
    "10": 12,
    "11": 10,
    "12": 8,
    "13": 4,
    "14": 3,
    "15": 4,
    "16": 5,
    "18": 1,
    "20": 1,
    "21": 1,
    "23": 1
  },
  "statsMethodsOneChange": {
    "setters": 1,
    "getters": 18,
    "tests": 0
  },
  "methodSizeStatsLeftNumChangesRightNumLinesNumMethods": {
    "1": {
      "2": 2,
      "3": 33,
      "4": 4,
      "5": 4,
      "6": 2,
      "7": 2,
      "8": 1,
      "9": 2,
      "10": 3,
      "11": 6,
      "12": 4,
      "17": 3,
      "18": 1,
      "19": 1,
      "22": 2,
      "26": 1
    },
    "2": {
      "1": 2,
      "2": 2,
      "3": 79,
      "4": 19,
      "5": 8,
      "6": 4,
      "7": 5,
      "8": 11,
      "9": 5,
      "10": 2,
      "12": 2,
      "13": 3,
      "14": 2,
      "15": 1,
      "17": 3,
      "19": 2,
      "22": 1
    },
    "3": {
      "1": 3,
      "2": 9,
      "3": 107,
      "4": 21,
      "5": 22,
      "6": 22,
      "7": 4,
      "8": 6,
      "9": 4,
      "10": 6,
      "11": 4,
      "12": 3,
      "13": 3,
      "15": 2,
      "16": 1,
      "17": 5,
      "19": 3,
      "22": 1,
      "25": 1,
      "62": 1
    },
    "4": {
      "2": 9,
      "3": 74,
      "4": 22,
      "5": 16,
      "6": 10,
      "7": 10,
      "8": 5,
      "9": 6,
      "10": 8,
      "11": 3,
      "12": 2,
      "13": 3,
      "15": 8,
      "16": 5,
      "17": 1,
      "18": 1,
      "20": 1,
      "22": 1,
      "25": 1,
      "31": 1,
      "32": 1,
      "43": 1,
      "53": 1
    },
    "5": {
      "3": 31,
      "4": 18,
      "5": 13,
      "6": 9,
      "7": 12,
      "8": 6,
      "9": 1,
      "10": 5,
      "11": 2,
      "12": 1,
      "13": 7,
      "14": 1,
      "15": 2,
      "16": 4,
      "17": 2,
      "20": 1,
      "23": 2,
      "26": 1,
      "28": 1,
      "29": 1,
      "31": 1,
      "48": 1
    },
    "6": {
      "3": 13,
      "4": 5,
      "5": 2,
      "6": 3,
      "7": 8,
      "8": 7,
      "9": 10,
      "10": 1,
      "11": 3,
      "12": 1,
      "13": 1,
      "14": 1,
      "15": 2,
      "17": 1,
      "22": 2,
      "24": 1,
      "25": 3,
      "32": 1,
      "34": 1
    },
    "7": {
      "3": 12,
      "4": 4,
      "5": 2,
      "6": 4,
      "7": 3,
      "8": 4,
      "9": 6,
      "10": 2,
      "11": 6,
      "12": 1,
      "13": 3,
      "14": 4,
      "15": 6,
      "16": 2,
      "17": 1,
      "18": 2,
      "20": 1,
      "21": 1,
      "27": 1,
      "28": 1,
      "46": 1
    },
    "8": {
      "3": 4,
      "4": 7,
      "5": 2,
      "6": 2,
      "7": 3,
      "10": 1,
      "11": 2,
      "16": 1,
      "18": 1,
      "21": 3,
      "24": 1,
      "46": 1
    },
    "9": {
      "3": 2,
      "4": 2,
      "5": 1,
      "6": 1,
      "8": 1,
      "10": 1,
      "11": 2,
      "12": 2,
      "15": 1,
      "16": 4,
      "21": 1,
      "22": 1,
      "24": 1
    },
    "10": {
      "3": 2,
      "4": 1,
      "5": 1,
      "6": 1,
      "9": 1,
      "10": 1,
      "15": 1,
      "17": 3,
      "24": 1
    },
    "11": {
      "3": 2,
      "5": 1,
      "7": 1,
      "14": 1,
      "18": 1,
      "20": 1,
      "21": 1,
      "24": 1,
      "31": 1
    },
    "12": {
      "3": 3,
      "4": 1,
      "11": 1,
      "15": 1,
      "58": 1,
      "67": 1
    },
    "13": {
      "3": 1,
      "4": 1,
      "6": 1,
      "36": 1
    },
    "14": {
      "12": 1,
      "27": 1,
      "81": 1
    },
    "15": {
      "4": 1,
      "20": 1,
      "30": 1,
      "44": 1
    },
    "16": {
      "10": 1,
      "17": 1,
      "47": 1,
      "56": 1,
      "95": 1
    },
    "18": {
      "34": 1
    },
    "20": {
      "81": 1
    },
    "21": {
      "91": 1
    },
    "23": {
      "34": 1
    }
  }
}