{
  "repo": "spring-boot",
  "totalMethods": 2597,
  "failedMethods": 166,
  "totalHistoryEquals1": 317,
  "totalHistory2To5": 1805,
  "totalHistory6To10": 323,
  "totalHistoryGt10": 152,
  "totalChanges": 10251,
  "avgMethodLifetimeInDays": 715.5869524196405,
  "avgSize": 3.947246823257605,
  "medianSize": 3,
  "totalTimeTaken": 3461006,
  "totalCommitsSeen": 87678,
  "avgTimeTaken": 1332.6938775510205,
  "avgTotalCommitsSeen": 33.76126299576434,
  "medianTimeTaken": 1107,
  "medianNumCommitsSeen": 15,
  "countSmallMethodsForOneChange": 141,
  "countSmallMethodsForMoreThanOneChange": 841,
  "numMethodsWithCrossFileChanges": 2201,
  "fragmentMethodsWithCrossFileChanges": 0.8475163650365807,
  "avgMethodSizeOneChange": 5.570977917981073,
  "avgMethodsMoreThanOneChange": 7.116228070175438,
  "changeStats": {
    "Ybodychange": 2723,
    "Yfilerename": 3937,
    "Yrename": 181,
    "Yintroduced": 2378,
    "Ymovefromfile": 1270,
    "Yreturntypechange": 173,
    "Ymodifierchange": 130,
    "Yparameterchange": 323,
    "Yparametermetachange": 4,
    "Yexceptionschange": 32
  },
  "totalHistoryCount": {
    "0": 32,
    "1": 317,
    "2": 741,
    "3": 505,
    "4": 338,
    "5": 189,
    "6": 117,
    "7": 88,
    "8": 39,
    "9": 32,
    "10": 47,
    "11": 32,
    "12": 23,
    "13": 31,
    "14": 22,
    "15": 16,
    "16": 4,
    "17": 5,
    "18": 2,
    "19": 2,
    "20": 1,
    "22": 2,
    "23": 3,
    "24": 1,
    "25": 1,
    "28": 1,
    "31": 2,
    "35": 1,
    "36": 1,
    "47": 1,
    "60": 1
  },
  "statsMethodsOneChange": {
    "setters": 27,
    "getters": 59,
    "tests": 0
  },
  "methodSizeStatsLeftNumChangesRightNumLinesNumMethods": {
    "0": {
      "2": 1,
      "3": 4,
      "4": 3,
      "5": 1,
      "6": 1,
      "7": 1,
      "8": 5,
      "9": 3,
      "10": 1,
      "11": 2,
      "12": 1,
      "13": 3,
      "14": 2,
      "15": 1,
      "16": 1,
      "17": 1,
      "18": 1
    },
    "1": {
      "2": 1,
      "3": 135,
      "4": 48,
      "5": 29,
      "6": 15,
      "7": 15,
      "8": 16,
      "9": 17,
      "10": 7,
      "11": 12,
      "12": 4,
      "13": 6,
      "14": 2,
      "15": 1,
      "16": 2,
      "18": 2,
      "19": 2,
      "20": 1,
      "21": 1,
      "28": 1
    },
    "2": {
      "2": 2,
      "3": 369,
      "4": 80,
      "5": 58,
      "6": 60,
      "7": 40,
      "8": 25,
      "9": 23,
      "10": 19,
      "11": 17,
      "12": 8,
      "13": 11,
      "14": 6,
      "15": 6,
      "16": 3,
      "17": 3,
      "18": 3,
      "19": 1,
      "20": 2,
      "22": 3,
      "24": 1,
      "34": 1
    },
    "3": {
      "2": 3,
      "3": 173,
      "4": 51,
      "5": 27,
      "6": 43,
      "7": 23,
      "8": 34,
      "9": 36,
      "10": 22,
      "11": 18,
      "12": 11,
      "13": 16,
      "14": 15,
      "15": 3,
      "16": 6,
      "17": 3,
      "18": 4,
      "19": 3,
      "20": 3,
      "21": 1,
      "22": 2,
      "23": 2,
      "24": 1,
      "27": 1,
      "31": 1,
      "36": 1,
      "37": 1,
      "41": 1
    },
    "4": {
      "2": 1,
      "3": 147,
      "4": 33,
      "5": 17,
      "6": 17,
      "7": 14,
      "8": 13,
      "9": 25,
      "10": 8,
      "11": 13,
      "12": 9,
      "13": 6,
      "14": 6,
      "15": 5,
      "16": 5,
      "17": 5,
      "18": 2,
      "19": 3,
      "20": 1,
      "21": 1,
      "22": 1,
      "23": 2,
      "24": 1,
      "26": 1,
      "27": 1,
      "30": 1
    },
    "5": {
      "2": 1,
      "3": 37,
      "4": 19,
      "5": 15,
      "6": 11,
      "7": 12,
      "8": 18,
      "9": 12,
      "10": 9,
      "11": 9,
      "12": 11,
      "13": 8,
      "14": 4,
      "15": 7,
      "16": 2,
      "17": 1,
      "18": 3,
      "20": 1,
      "21": 2,
      "22": 1,
      "23": 1,
      "24": 1,
      "26": 1,
      "28": 1,
      "32": 1,
      "42": 1
    },
    "6": {
      "3": 19,
      "4": 7,
      "5": 5,
      "6": 11,
      "7": 8,
      "8": 3,
      "9": 11,
      "10": 9,
      "11": 6,
      "12": 6,
      "13": 4,
      "14": 3,
      "15": 6,
      "16": 5,
      "17": 2,
      "18": 2,
      "19": 2,
      "21": 1,
      "22": 2,
      "24": 1,
      "25": 2,
      "32": 1,
      "36": 1
    },
    "7": {
      "3": 12,
      "4": 10,
      "5": 5,
      "6": 1,
      "7": 6,
      "8": 10,
      "9": 6,
      "10": 4,
      "11": 3,
      "12": 6,
      "13": 5,
      "14": 1,
      "15": 3,
      "16": 2,
      "17": 2,
      "18": 1,
      "19": 3,
      "20": 1,
      "21": 1,
      "22": 1,
      "24": 1,
      "25": 1,
      "27": 1,
      "29": 1,
      "50": 1
    },
    "8": {
      "2": 1,
      "3": 8,
      "4": 4,
      "5": 3,
      "7": 2,
      "8": 4,
      "9": 5,
      "10": 3,
      "11": 1,
      "12": 1,
      "14": 1,
      "16": 2,
      "18": 1,
      "19": 1,
      "26": 1,
      "28": 1
    },
    "9": {
      "3": 8,
      "4": 4,
      "5": 4,
      "6": 1,
      "7": 3,
      "11": 1,
      "13": 1,
      "14": 2,
      "15": 1,
      "17": 1,
      "18": 2,
      "19": 1,
      "22": 1,
      "24": 1,
      "26": 1
    },
    "10": {
      "2": 2,
      "3": 16,
      "4": 6,
      "5": 3,
      "6": 2,
      "7": 2,
      "8": 2,
      "9": 1,
      "10": 2,
      "13": 1,
      "14": 2,
      "16": 1,
      "18": 2,
      "21": 1,
      "22": 2,
      "23": 1,
      "25": 1
    },
    "11": {
      "3": 10,
      "4": 8,
      "6": 4,
      "7": 2,
      "8": 1,
      "9": 1,
      "10": 1,
      "11": 2,
      "15": 1,
      "16": 1,
      "22": 1
    },
    "12": {
      "3": 7,
      "4": 5,
      "5": 1,
      "7": 1,
      "9": 2,
      "11": 1,
      "12": 2,
      "15": 1,
      "18": 2,
      "21": 1
    },
    "13": {
      "3": 7,
      "4": 3,
      "5": 2,
      "6": 5,
      "7": 1,
      "8": 2,
      "9": 1,
      "10": 1,
      "11": 1,
      "14": 2,
      "20": 1,
      "24": 2,
      "27": 2,
      "38": 1
    },
    "14": {
      "3": 8,
      "4": 1,
      "5": 1,
      "7": 1,
      "12": 1,
      "14": 1,
      "15": 1,
      "17": 2,
      "22": 1,
      "24": 1,
      "26": 1,
      "35": 1,
      "36": 1,
      "37": 1
    },
    "15": {
      "3": 6,
      "4": 1,
      "7": 2,
      "9": 2,
      "10": 1,
      "11": 1,
      "12": 1,
      "13": 1,
      "15": 1
    },
    "16": {
      "3": 2,
      "4": 1,
      "30": 1
    },
    "17": {
      "4": 3,
      "14": 1,
      "32": 1
    },
    "18": {
      "4": 1,
      "5": 1
    },
    "19": {
      "20": 1,
      "32": 1
    },
    "20": {
      "3": 1
    },
    "22": {
      "17": 1,
      "25": 1
    },
    "23": {
      "3": 1,
      "9": 1,
      "37": 1
    },
    "24": {
      "18": 1
    },
    "25": {
      "23": 1
    },
    "28": {
      "19": 1
    },
    "31": {
      "24": 1,
      "31": 1
    },
    "35": {
      "12": 1
    },
    "36": {
      "37": 1
    },
    "47": {
      "20": 1
    },
    "60": {
      "45": 1
    }
  }
}