{
  "repo": "flink",
  "totalMethods": 17064,
  "failedMethods": 1416,
  "totalHistoryEquals1": 7548,
  "totalHistory2To5": 7136,
  "totalHistory6To10": 1779,
  "totalHistoryGt10": 601,
  "totalChanges": 51522,
  "avgMethodLifetimeInDays": 469.0094804088586,
  "avgSize": 3.019338959212377,
  "medianSize": 2,
  "totalTimeTaken": 21741656,
  "totalCommitsSeen": 463975,
  "avgTimeTaken": 1274.1242381622128,
  "avgTotalCommitsSeen": 27.190283638068447,
  "medianTimeTaken": 847,
  "medianNumCommitsSeen": 11,
  "countSmallMethodsForOneChange": 4955,
  "countSmallMethodsForMoreThanOneChange": 3739,
  "numMethodsWithCrossFileChanges": 7505,
  "fragmentMethodsWithCrossFileChanges": 0.4398148148148148,
  "avgMethodSizeOneChange": 6.012453630100689,
  "avgMethodsMoreThanOneChange": 12.561370323665406,
  "changeStats": {
    "Yfilerename": 12521,
    "Yparameterchange": 3278,
    "Ybodychange": 19661,
    "Ymovefromfile": 4646,
    "Yintroduced": 14465,
    "Ymodifierchange": 878,
    "Yreturntypechange": 2308,
    "Yrename": 1450,
    "Yexceptionschange": 729,
    "Yparametermetachange": 196
  },
  "totalHistoryCount": {
    "0": 124,
    "1": 7548,
    "2": 3483,
    "3": 1640,
    "4": 1128,
    "5": 761,
    "6": 477,
    "7": 497,
    "8": 333,
    "9": 305,
    "10": 167,
    "11": 129,
    "12": 75,
    "13": 69,
    "14": 59,
    "15": 42,
    "16": 28,
    "17": 30,
    "18": 22,
    "19": 15,
    "20": 16,
    "21": 8,
    "22": 11,
    "23": 10,
    "24": 5,
    "25": 9,
    "26": 3,
    "27": 8,
    "28": 7,
    "29": 7,
    "30": 5,
    "32": 7,
    "33": 3,
    "34": 3,
    "35": 3,
    "36": 2,
    "40": 2,
    "41": 1,
    "42": 2,
    "43": 1,
    "45": 2,
    "46": 2,
    "48": 1,
    "49": 2,
    "50": 2,
    "52": 1,
    "53": 2,
    "54": 1,
    "55": 2,
    "56": 1,
    "73": 1,
    "74": 1,
    "89": 1
  },
  "statsMethodsOneChange": {
    "setters": 211,
    "getters": 2551,
    "tests": 1
  },
  "methodSizeStatsLeftNumChangesRightNumLinesNumMethods": {
    "0": {
      "1": 2,
      "2": 1,
      "3": 98,
      "4": 2,
      "5": 2,
      "6": 3,
      "7": 2,
      "8": 4,
      "10": 2,
      "11": 1,
      "12": 1,
      "15": 2,
      "19": 1,
      "36": 1,
      "38": 1,
      "56": 1
    },
    "1": {
      "1": 34,
      "2": 19,
      "3": 4801,
      "4": 423,
      "5": 311,
      "6": 242,
      "7": 294,
      "8": 212,
      "9": 154,
      "10": 113,
      "11": 118,
      "12": 89,
      "13": 89,
      "14": 60,
      "15": 62,
      "16": 60,
      "17": 43,
      "18": 42,
      "19": 36,
      "20": 25,
      "21": 21,
      "22": 26,
      "23": 20,
      "24": 25,
      "25": 17,
      "26": 17,
      "27": 18,
      "28": 19,
      "29": 16,
      "30": 10,
      "31": 8,
      "32": 11,
      "33": 10,
      "34": 9,
      "35": 7,
      "36": 6,
      "37": 4,
      "38": 10,
      "39": 4,
      "40": 6,
      "41": 4,
      "42": 3,
      "44": 4,
      "45": 2,
      "46": 1,
      "47": 4,
      "48": 3,
      "50": 1,
      "51": 2,
      "52": 1,
      "53": 1,
      "54": 1,
      "55": 1,
      "56": 1,
      "57": 1,
      "60": 1,
      "62": 1,
      "64": 3,
      "67": 1,
      "69": 3,
      "71": 2,
      "75": 2,
      "79": 4,
      "82": 1,
      "87": 1,
      "93": 1,
      "94": 1,
      "95": 1,
      "98": 1,
      "106": 1,
      "112": 1,
      "128": 1,
      "167": 1
    },
    "2": {
      "1": 10,
      "2": 10,
      "3": 1721,
      "4": 226,
      "5": 168,
      "6": 173,
      "7": 135,
      "8": 99,
      "9": 86,
      "10": 80,
      "11": 76,
      "12": 72,
      "13": 60,
      "14": 48,
      "15": 51,
      "16": 36,
      "17": 38,
      "18": 42,
      "19": 20,
      "20": 31,
      "21": 20,
      "22": 17,
      "23": 19,
      "24": 17,
      "25": 19,
      "26": 20,
      "27": 8,
      "28": 10,
      "29": 22,
      "30": 7,
      "31": 9,
      "32": 5,
      "33": 3,
      "34": 4,
      "35": 8,
      "36": 4,
      "38": 4,
      "39": 5,
      "40": 5,
      "41": 7,
      "42": 6,
      "43": 1,
      "44": 4,
      "45": 3,
      "47": 5,
      "48": 2,
      "50": 6,
      "51": 4,
      "52": 4,
      "53": 2,
      "54": 1,
      "55": 1,
      "56": 4,
      "57": 1,
      "58": 1,
      "59": 4,
      "60": 1,
      "62": 2,
      "64": 1,
      "65": 3,
      "66": 2,
      "67": 3,
      "68": 4,
      "69": 2,
      "70": 1,
      "71": 2,
      "73": 2,
      "74": 3,
      "75": 1,
      "77": 3,
      "80": 2,
      "83": 1,
      "86": 1,
      "89": 2,
      "98": 1,
      "103": 1,
      "122": 1
    },
    "3": {
      "1": 1,
      "2": 4,
      "3": 610,
      "4": 100,
      "5": 93,
      "6": 66,
      "7": 67,
      "8": 62,
      "9": 64,
      "10": 51,
      "11": 52,
      "12": 41,
      "13": 38,
      "14": 24,
      "15": 26,
      "16": 29,
      "17": 27,
      "18": 24,
      "19": 29,
      "20": 20,
      "21": 16,
      "22": 10,
      "23": 14,
      "24": 17,
      "25": 10,
      "26": 15,
      "27": 8,
      "28": 7,
      "29": 7,
      "30": 5,
      "31": 2,
      "32": 7,
      "33": 5,
      "34": 4,
      "35": 10,
      "36": 1,
      "37": 1,
      "38": 8,
      "39": 4,
      "40": 1,
      "41": 3,
      "42": 1,
      "43": 2,
      "44": 3,
      "45": 2,
      "46": 4,
      "47": 1,
      "49": 1,
      "50": 1,
      "51": 1,
      "52": 3,
      "53": 3,
      "55": 1,
      "56": 1,
      "57": 2,
      "58": 1,
      "59": 1,
      "60": 4,
      "61": 2,
      "62": 5,
      "64": 2,
      "66": 2,
      "68": 1,
      "75": 1,
      "77": 1,
      "78": 2,
      "80": 2,
      "82": 1,
      "84": 1,
      "89": 1,
      "97": 1,
      "111": 1,
      "175": 1,
      "176": 1
    },
    "4": {
      "1": 1,
      "3": 435,
      "4": 68,
      "5": 68,
      "6": 64,
      "7": 46,
      "8": 39,
      "9": 33,
      "10": 20,
      "11": 20,
      "12": 34,
      "13": 24,
      "14": 22,
      "15": 14,
      "16": 17,
      "17": 15,
      "18": 11,
      "19": 9,
      "20": 12,
      "21": 9,
      "22": 9,
      "23": 10,
      "24": 7,
      "25": 7,
      "26": 3,
      "27": 9,
      "28": 7,
      "29": 9,
      "30": 4,
      "31": 4,
      "32": 8,
      "33": 5,
      "34": 3,
      "35": 7,
      "36": 2,
      "37": 1,
      "38": 7,
      "39": 3,
      "41": 4,
      "42": 5,
      "43": 3,
      "44": 1,
      "45": 4,
      "46": 2,
      "48": 1,
      "49": 2,
      "51": 3,
      "52": 3,
      "53": 1,
      "54": 3,
      "55": 2,
      "56": 6,
      "57": 2,
      "60": 1,
      "61": 2,
      "62": 2,
      "67": 2,
      "71": 1,
      "72": 1,
      "75": 1,
      "76": 1,
      "79": 1,
      "82": 1,
      "84": 1,
      "85": 1,
      "95": 2,
      "106": 1,
      "127": 1,
      "153": 1
    },
    "5": {
      "1": 24,
      "3": 263,
      "4": 37,
      "5": 34,
      "6": 35,
      "7": 44,
      "8": 21,
      "9": 30,
      "10": 25,
      "11": 12,
      "12": 16,
      "13": 20,
      "14": 16,
      "15": 14,
      "16": 8,
      "17": 12,
      "18": 8,
      "19": 9,
      "20": 9,
      "21": 8,
      "22": 6,
      "23": 3,
      "24": 5,
      "25": 2,
      "26": 3,
      "27": 6,
      "28": 2,
      "29": 4,
      "30": 5,
      "31": 4,
      "32": 5,
      "33": 3,
      "34": 1,
      "35": 3,
      "36": 4,
      "37": 2,
      "38": 1,
      "39": 3,
      "40": 1,
      "41": 3,
      "42": 5,
      "44": 3,
      "45": 3,
      "46": 2,
      "47": 3,
      "48": 2,
      "49": 4,
      "50": 3,
      "51": 1,
      "52": 6,
      "54": 1,
      "58": 1,
      "59": 1,
      "60": 1,
      "62": 1,
      "64": 1,
      "66": 1,
      "67": 3,
      "70": 1,
      "71": 1,
      "73": 1,
      "90": 1,
      "106": 1,
      "107": 1,
      "117": 1,
      "146": 1
    },
    "6": {
      "1": 5,
      "3": 128,
      "4": 21,
      "5": 24,
      "6": 17,
      "7": 11,
      "8": 18,
      "9": 26,
      "10": 8,
      "11": 13,