{
  "repo": "junit5",
  "totalMethods": 2080,
  "failedMethods": 21,
  "totalHistoryEquals1": 628,
  "totalHistory2To5": 804,
  "totalHistory6To10": 415,
  "totalHistoryGt10": 233,
  "totalChanges": 10169,
  "avgMethodLifetimeInDays": 317.759175905201,
  "avgSize": 4.888942307692307,
  "medianSize": 3,
  "totalTimeTaken": 1028342,
  "totalCommitsSeen": 96402,
  "avgTimeTaken": 494.3951923076923,
  "avgTotalCommitsSeen": 46.347115384615385,
  "medianTimeTaken": 415,
  "medianNumCommitsSeen": 26,
  "countSmallMethodsForOneChange": 384,
  "countSmallMethodsForMoreThanOneChange": 700,
  "numMethodsWithCrossFileChanges": 1088,
  "fragmentMethodsWithCrossFileChanges": 0.5230769230769231,
  "avgMethodSizeOneChange": 5.393312101910828,
  "avgMethodsMoreThanOneChange": 6.633608815426998,
  "changeStats": {
    "Yfilerename": 2870,
    "Ybodychange": 4615,
    "Yrename": 475,
    "Yparameterchange": 1019,
    "Ymovefromfile": 366,
    "Yintroduced": 2056,
    "Ymodifierchange": 298,
    "Yexceptionschange": 121,
    "Yreturntypechange": 309,
    "Yparametermetachange": 2
  },
  "totalHistoryCount": {
    "1": 628,
    "2": 269,
    "3": 177,
    "4": 238,
    "5": 120,
    "6": 113,
    "7": 105,
    "8": 70,
    "9": 58,
    "10": 69,
    "11": 47,
    "12": 44,
    "13": 25,
    "14": 21,
    "15": 13,
    "16": 11,
    "17": 5,
    "18": 11,
    "19": 7,
    "20": 8,
    "21": 3,
    "22": 9,
    "23": 3,
    "24": 2,
    "25": 4,
    "26": 3,
    "27": 2,
    "28": 1,
    "29": 2,
    "30": 2,
    "31": 2,
    "32": 2,
    "33": 1,
    "36": 1,
    "38": 2,
    "41": 1,
    "56": 1
  },
  "statsMethodsOneChange": {
    "setters": 21,
    "getters": 127,
    "tests": 4
  },
  "methodSizeStatsLeftNumChangesRightNumLinesNumMethods": {
    "1": {
      "2": 2,
      "3": 382,
      "4": 41,
      "5": 38,
      "6": 21,
      "7": 19,
      "8": 20,
      "9": 13,
      "10": 24,
      "11": 11,
      "12": 11,
      "13": 12,
      "14": 11,
      "15": 2,
      "16": 3,
      "17": 2,
      "18": 1,
      "21": 3,
      "24": 2,
      "25": 1,
      "26": 2,
      "27": 2,
      "28": 2,
      "29": 1,
      "33": 1,
      "54": 1
    },
    "2": {
      "2": 2,
      "3": 139,
      "4": 17,
      "5": 35,
      "6": 15,
      "7": 9,
      "8": 8,
      "9": 6,
      "10": 8,
      "11": 8,
      "12": 5,
      "13": 2,
      "15": 4,
      "16": 1,
      "18": 1,
      "19": 1,
      "25": 1,
      "26": 2,
      "28": 2,
      "34": 1,
      "39": 1,
      "45": 1
    },
    "3": {
      "2": 1,
      "3": 95,
      "4": 15,
      "5": 8,
      "6": 6,
      "7": 6,
      "8": 9,
      "9": 5,
      "10": 8,
      "11": 4,
      "12": 1,
      "13": 6,
      "14": 2,
      "15": 2,
      "16": 1,
      "18": 2,
      "20": 1,
      "22": 1,
      "26": 2,
      "28": 1,
      "31": 1
    },
    "4": {
      "2": 2,
      "3": 166,
      "4": 11,
      "5": 13,
      "6": 13,
      "7": 4,
      "8": 3,
      "9": 4,
      "10": 3,
      "11": 2,
      "12": 3,
      "13": 2,
      "15": 2,
      "17": 1,
      "18": 3,
      "20": 1,
      "21": 1,
      "27": 1,
      "29": 1,
      "30": 1,
      "43": 1
    },
    "5": {
      "2": 1,
      "3": 54,
      "4": 10,
      "5": 12,
      "6": 6,
      "7": 6,
      "8": 5,
      "9": 6,
      "10": 3,
      "11": 5,
      "12": 3,
      "13": 1,
      "14": 1,
      "16": 1,
      "17": 1,
      "18": 2,
      "19": 1,
      "24": 1,
      "35": 1
    },
    "6": {
      "3": 57,
      "4": 4,
      "5": 6,
      "6": 8,
      "7": 3,
      "8": 7,
      "9": 2,
      "10": 7,
      "11": 1,
      "12": 1,
      "13": 1,
      "15": 8,
      "20": 1,
      "21": 1,
      "22": 2,
      "23": 1,
      "26": 1,
      "27": 1,
      "42": 1
    },
    "7": {
      "3": 51,
      "4": 9,
      "5": 4,
      "6": 2,
      "7": 6,
      "8": 4,
      "9": 4,
      "10": 5,
      "11": 4,
      "12": 3,
      "13": 3,
      "14": 1,
      "15": 2,
      "16": 2,
      "18": 1,
      "26": 2,
      "34": 1,
      "61": 1
    },
    "8": {
      "2": 2,
      "3": 21,
      "4": 14,
      "5": 5,
      "6": 3,
      "7": 3,
      "8": 2,
      "9": 3,
      "10": 2,
      "11": 2,
      "12": 2,
      "13": 1,
      "14": 4,
      "15": 2,
      "19": 1,
      "21": 1,
      "32": 1,
      "41": 1
    },
    "9": {
      "2": 1,
      "3": 26,
      "4": 6,
      "5": 8,
      "6": 1,
      "7": 3,
      "8": 1,
      "9": 4,
      "11": 2,
      "12": 1,
      "13": 2,
      "14": 2,
      "20": 1
    },
    "10": {
      "2": 3,
      "3": 33,
      "4": 3,
      "5": 5,
      "6": 2,
      "7": 3,
      "8": 4,
      "9": 2,
      "10": 6,
      "11": 1,
      "12": 2,
      "14": 1,
      "18": 1,
      "25": 1,
      "29": 1,
      "41": 1
    },
    "11": {
      "3": 15,
      "4": 6,
      "5": 4,
      "6": 1,
      "7": 1,
      "8": 4,
      "9": 3,
      "10": 1,
      "11": 1,
      "12": 4,
      "13": 2,
      "16": 1,
      "17": 1,
      "22": 1,
      "23": 1,
      "39": 1
    },
    "12": {
      "3": 15,
      "4": 7,
      "5": 1,
      "6": 4,
      "7": 1,
      "8": 3,
      "9": 1,
      "10": 3,
      "11": 1,
      "12": 1,
      "13": 1,
      "14": 1,
      "16": 1,
      "21": 2,
      "22": 1,
      "23": 1
    },
    "13": {
      "3": 6,
      "4": 2,
      "5": 5,
      "6": 2,
      "8": 1,
      "9": 2,
      "13": 2,
      "14": 1,
      "15": 1,
      "17": 1,
      "23": 1,
      "24": 1
    },
    "14": {
      "3": 3,
      "4": 3,
      "5": 2,
      "6": 2,
      "8": 3,
      "9": 2,
      "11": 1,
      "12": 1,
      "13": 1,
      "14": 1,
      "19": 1,
      "20": 1
    },
    "15": {
      "3": 2,
      "4": 1,
      "5": 1,
      "6": 4,
      "7": 1,
      "14": 1,
      "15": 2,
      "51": 1
    },
    "16": {
      "3": 1,
      "5": 2,
      "6": 1,
      "8": 2,
      "10": 1,
      "12": 1,
      "13": 1,
      "20": 1,
      "30": 1
    },
    "17": {
      "5": 1,
      "10": 2,
      "12": 1,
      "16": 1
    },
    "18": {
      "4": 1,
      "6": 1,
      "9": 2,
      "13": 2,
      "16": 1,
      "18": 1,
      "28": 1,
      "29": 1,
      "52": 1
    },
    "19": {
      "3": 1,
      "4": 2,
      "6": 1,
      "7": 1,
      "15": 1,
      "17": 1
    },
    "20": {
      "3": 1,
      "6": 3,
      "8": 1,
      "16": 1,
      "22": 1,
      "23": 1
    },
    "21": {
      "5": 1,
      "6": 1,
      "8": 1
    },
    "22": {
      "5": 1,
      "6": 1,
      "9": 2,
      "10": 1,
      "13": 1,
      "14": 1,
      "20": 1,
      "22": 1
    },
    "23": {
      "4": 1,
      "6": 1,
      "26": 1
    },
    "24": {
      "4": 1,
      "17": 1
    },
    "25": {
      "4": 1,
      "6": 3
    },
    "26": {
      "3": 1,
      "9": 1,
      "12": 1
    },
    "27": {
      "4": 1,
      "12": 1
    },
    "28": {
      "3": 1
    },
    "29": {
      "14": 1,
      "32": 1
    },
    "30": {
      "13": 1,
      "24": 1
    },
    "31": {
      "26": 1,
      "46": 1
    },
    "32": {
      "4": 1,
      "14": 1
    },
    "33": {
      "45": 1
    },
    "36": {
      "15": 1
    },
    "38": {
      "16": 1,
      "24": 1
    },
    "41": {
      "33": 1
    },
    "56": {
      "27": 1
    }
  }
}