{
  "repo": "mockito",
  "totalMethods": 1507,
  "failedMethods": 10,
  "totalHistoryEquals1": 238,
  "totalHistory2To5": 777,
  "totalHistory6To10": 318,
  "totalHistoryGt10": 174,
  "totalChanges": 7891,
  "avgMethodLifetimeInDays": 1851.3069141815372,
  "avgSize": 5.236230922362309,
  "medianSize": 4,
  "totalTimeTaken": 972641,
  "totalCommitsSeen": 94502,
  "avgTimeTaken": 645.415394824154,
  "avgTotalCommitsSeen": 62.70869276708693,
  "medianTimeTaken": 496,
  "medianNumCommitsSeen": 23,
  "countSmallMethodsForOneChange": 140,
  "countSmallMethodsForMoreThanOneChange": 547,
  "numMethodsWithCrossFileChanges": 1154,
  "fragmentMethodsWithCrossFileChanges": 0.7657597876575979,
  "avgMethodSizeOneChange": 5.084033613445378,
  "avgMethodsMoreThanOneChange": 6.8408195429472025,
  "changeStats": {
    "Yintroduced": 1491,
    "Yfilerename": 1932,
    "Yrename": 304,
    "Ybodychange": 3658,
    "Ymovefromfile": 412,
    "Yparameterchange": 774,
    "Yreturntypechange": 424,
    "Yexceptionschange": 30,
    "Ymodifierchange": 307,
    "Yparametermetachange": 17
  },
  "totalHistoryCount": {
    "0": 5,
    "1": 238,
    "2": 256,
    "3": 223,
    "4": 166,
    "5": 127,
    "6": 89,
    "7": 89,
    "8": 56,
    "9": 45,
    "10": 39,
    "11": 39,
    "12": 39,
    "13": 15,
    "14": 12,
    "15": 10,
    "16": 8,
    "17": 5,
    "18": 8,
    "19": 4,
    "20": 4,
    "21": 3,
    "22": 4,
    "23": 3,
    "24": 3,
    "25": 2,
    "26": 3,
    "27": 2,
    "30": 2,
    "32": 1,
    "33": 1,
    "34": 2,
    "36": 1,
    "41": 1,
    "43": 1,
    "63": 1
  },
  "statsMethodsOneChange": {
    "setters": 6,
    "getters": 53,
    "tests": 2
  },
  "methodSizeStatsLeftNumChangesRightNumLinesNumMethods": {
    "0": {
      "3": 2,
      "4": 2,
      "7": 1
    },
    "1": {
      "1": 1,
      "3": 137,
      "4": 20,
      "5": 13,
      "6": 6,
      "7": 13,
      "8": 13,
      "9": 9,
      "10": 4,
      "11": 8,
      "12": 5,
      "13": 3,
      "14": 1,
      "15": 1,
      "19": 2,
      "20": 1,
      "27": 1
    },
    "2": {
      "3": 164,
      "4": 27,
      "5": 9,
      "6": 14,
      "7": 13,
      "8": 7,
      "9": 6,
      "10": 1,
      "11": 2,
      "12": 2,
      "14": 2,
      "15": 2,
      "16": 2,
      "17": 1,
      "22": 1,
      "30": 1,
      "31": 1,
      "32": 1
    },
    "3": {
      "1": 1,
      "3": 127,
      "4": 20,
      "5": 11,
      "6": 4,
      "7": 9,
      "8": 9,
      "9": 6,
      "10": 2,
      "11": 4,
      "12": 6,
      "14": 3,
      "16": 1,
      "17": 1,
      "19": 2,
      "20": 9,
      "21": 1,
      "22": 1,
      "23": 1,
      "26": 1,
      "29": 1,
      "30": 1,
      "38": 1,
      "48": 1
    },
    "4": {
      "1": 1,
      "3": 84,
      "4": 6,
      "5": 9,
      "6": 8,
      "7": 8,
      "8": 8,
      "9": 4,
      "10": 9,
      "11": 4,
      "12": 3,
      "13": 5,
      "14": 3,
      "15": 1,
      "16": 3,
      "17": 1,
      "18": 2,
      "19": 1,
      "20": 1,
      "24": 1,
      "25": 2,
      "47": 2
    },
    "5": {
      "3": 67,
      "4": 8,
      "5": 3,
      "6": 4,
      "7": 8,
      "8": 5,
      "9": 4,
      "10": 7,
      "11": 6,
      "12": 2,
      "13": 2,
      "14": 3,
      "16": 1,
      "18": 1,
      "19": 1,
      "20": 1,
      "23": 1,
      "25": 1,
      "27": 2
    },
    "6": {
      "3": 35,
      "4": 5,
      "5": 3,
      "7": 5,
      "8": 6,
      "9": 8,
      "10": 3,
      "11": 4,
      "12": 1,
      "13": 4,
      "14": 4,
      "15": 1,
      "16": 1,
      "19": 2,
      "20": 1,
      "21": 1,
      "22": 2,
      "26": 2,
      "51": 1
    },
    "7": {
      "3": 12,
      "4": 36,
      "5": 1,
      "6": 6,
      "7": 6,
      "8": 4,
      "9": 3,
      "10": 6,
      "11": 2,
      "12": 1,
      "13": 2,
      "14": 3,
      "15": 2,
      "16": 1,
      "17": 2,
      "21": 1,
      "22": 1
    },
    "8": {
      "3": 19,
      "4": 12,
      "5": 3,
      "6": 5,
      "7": 3,
      "8": 3,
      "10": 2,
      "11": 1,
      "13": 1,
      "14": 1,
      "18": 1,
      "20": 2,
      "24": 1,
      "26": 2
    },
    "9": {
      "3": 10,
      "4": 12,
      "5": 3,
      "6": 2,
      "7": 2,
      "8": 1,
      "9": 2,
      "10": 2,
      "11": 3,
      "12": 2,
      "13": 3,
      "14": 2,
      "19": 1
    },
    "10": {
      "3": 8,
      "4": 8,
      "5": 3,
      "6": 2,
      "7": 1,
      "8": 1,
      "9": 5,
      "10": 1,
      "12": 1,
      "13": 1,
      "16": 1,
      "18": 1,
      "19": 1,
      "24": 2,
      "25": 1,
      "36": 1,
      "55": 1
    },
    "11": {
      "3": 4,
      "4": 18,
      "5": 2,
      "6": 2,
      "7": 1,
      "8": 3,
      "9": 1,
      "10": 1,
      "11": 1,
      "12": 1,
      "13": 1,
      "16": 1,
      "18": 1,
      "19": 2
    },
    "12": {
      "3": 3,
      "4": 25,
      "6": 4,
      "8": 1,
      "9": 2,
      "12": 1,
      "18": 1,
      "24": 1,
      "28": 1
    },
    "13": {
      "3": 4,
      "4": 4,
      "9": 1,
      "10": 1,
      "11": 1,
      "13": 1,
      "14": 1,
      "19": 1,
      "25": 1
    },
    "14": {
      "3": 3,
      "4": 3,
      "8": 2,
      "9": 1,
      "13": 2,
      "20": 1
    },
    "15": {
      "3": 2,
      "5": 1,
      "7": 2,
      "8": 1,
      "10": 1,
      "11": 1,
      "19": 1,
      "23": 1
    },
    "16": {
      "8": 1,
      "9": 2,
      "10": 1,
      "13": 1,
      "17": 1,
      "28": 1,
      "29": 1
    },
    "17": {
      "8": 1,
      "12": 1,
      "21": 1,
      "23": 1,
      "26": 1
    },
    "18": {
      "4": 1,
      "5": 1,
      "6": 1,
      "12": 1,
      "14": 1,
      "20": 1,
      "26": 1,
      "29": 1
    },
    "19": {
      "5": 1,
      "7": 1,
      "11": 1,
      "17": 1
    },
    "20": {
      "3": 2,
      "11": 1,
      "12": 1
    },
    "21": {
      "9": 1,
      "10": 1,
      "24": 1
    },
    "22": {
      "4": 1,
      "9": 2,
      "12": 1
    },
    "23": {
      "11": 1,
      "14": 2
    },
    "24": {
      "10": 1,
      "11": 1,
      "19": 1
    },
    "25": {
      "11": 1,
      "12": 1
    },
    "26": {
      "3": 1,
      "5": 1,
      "17": 1
    },
    "27": {
      "14": 1,
      "56": 1
    },
    "30": {
      "8": 1,
      "12": 1
    },
    "32": {
      "7": 1
    },
    "33": {
      "16": 1
    },
    "34": {
      "14": 1,
      "17": 1
    },
    "36": {
      "68": 1
    },
    "41": {
      "15": 1
    },
    "43": {
      "12": 1
    },
    "63": {
      "17": 1
    }
  }
}