{
  "repo": "pmd",
  "totalMethods": 2570,
  "failedMethods": 27,
  "totalHistoryEquals1": 429,
  "totalHistory2To5": 1005,
  "totalHistory6To10": 867,
  "totalHistoryGt10": 269,
  "totalChanges": 14428,
  "avgMethodLifetimeInDays": 2574.6830381725654,
  "avgSize": 5.614007782101167,
  "medianSize": 4,
  "totalTimeTaken": 4078846,
  "totalCommitsSeen": 76225,
  "avgTimeTaken": 1587.0996108949416,
  "avgTotalCommitsSeen": 29.65953307392996,
  "medianTimeTaken": 1353.5,
  "medianNumCommitsSeen": 20,
  "countSmallMethodsForOneChange": 210,
  "countSmallMethodsForMoreThanOneChange": 1026,
  "numMethodsWithCrossFileChanges": 1932,
  "fragmentMethodsWithCrossFileChanges": 0.7517509727626459,
  "avgMethodSizeOneChange": 5.89044289044289,
  "avgMethodsMoreThanOneChange": 9.397477814105558,
  "changeStats": {
    "Ybodychange": 5345,
    "Yfilerename": 5584,
    "Ymovefromfile": 930,
    "Yintroduced": 2504,
    "Yparameterchange": 626,
    "Yrename": 129,
    "Yreturntypechange": 184,
    "Ymodifierchange": 152,
    "Yexceptionschange": 4,
    "Yparametermetachange": 18
  },
  "totalHistoryCount": {
    "0": 25,
    "1": 429,
    "2": 359,
    "3": 183,
    "4": 291,
    "5": 147,
    "6": 282,
    "7": 116,
    "8": 203,
    "9": 174,
    "10": 92,
    "11": 65,
    "12": 29,
    "13": 34,
    "14": 27,
    "15": 16,
    "16": 13,
    "17": 13,
    "18": 9,
    "19": 13,
    "20": 10,
    "21": 8,
    "22": 5,
    "23": 3,
    "24": 2,
    "25": 1,
    "26": 4,
    "27": 3,
    "28": 4,
    "30": 3,
    "31": 1,
    "34": 2,
    "35": 1,
    "36": 1,
    "39": 1,
    "42": 1
  },
  "statsMethodsOneChange": {
    "setters": 9,
    "getters": 94,
    "tests": 0
  },
  "methodSizeStatsLeftNumChangesRightNumLinesNumMethods": {
    "0": {
      "3": 19,
      "5": 1,
      "8": 2,
      "9": 1,
      "12": 1,
      "24": 1
    },
    "1": {
      "3": 191,
      "4": 130,
      "5": 8,
      "6": 4,
      "7": 20,
      "8": 9,
      "9": 10,
      "10": 8,
      "11": 4,
      "12": 6,
      "13": 6,
      "14": 2,
      "15": 3,
      "16": 1,
      "17": 3,
      "18": 3,
      "19": 2,
      "21": 2,
      "22": 1,
      "23": 3,
      "24": 2,
      "25": 2,
      "27": 2,
      "28": 1,
      "29": 1,
      "34": 1,
      "37": 1,
      "42": 1,
      "43": 1,
      "64": 1
    },
    "2": {
      "3": 221,
      "4": 17,
      "5": 11,
      "6": 6,
      "7": 18,
      "8": 7,
      "9": 9,
      "10": 6,
      "11": 4,
      "12": 6,
      "13": 12,
      "14": 4,
      "15": 7,
      "16": 3,
      "17": 4,
      "18": 2,
      "20": 2,
      "23": 3,
      "24": 1,
      "25": 1,
      "26": 1,
      "27": 3,
      "28": 1,
      "30": 4,
      "35": 1,
      "41": 1,
      "44": 1,
      "47": 1,
      "55": 1,
      "62": 1
    },
    "3": {
      "3": 76,
      "4": 14,
      "5": 8,
      "6": 4,
      "7": 8,
      "8": 12,
      "9": 7,
      "10": 9,
      "11": 3,
      "12": 2,
      "13": 6,
      "14": 2,
      "15": 7,
      "16": 2,
      "17": 2,
      "18": 4,
      "19": 4,
      "20": 1,
      "22": 1,
      "23": 3,
      "24": 2,
      "31": 1,
      "34": 1,
      "35": 1,
      "38": 1,
      "42": 1,
      "54": 1
    },
    "4": {
      "3": 155,
      "4": 31,
      "5": 22,
      "6": 6,
      "7": 9,
      "8": 11,
      "9": 8,
      "10": 2,
      "11": 7,
      "12": 2,
      "13": 3,
      "14": 2,
      "15": 2,
      "16": 2,
      "17": 3,
      "18": 3,
      "19": 2,
      "20": 1,
      "21": 1,
      "22": 3,
      "23": 3,
      "24": 1,
      "26": 2,
      "29": 2,
      "32": 1,
      "35": 1,
      "38": 1,
      "40": 1,
      "45": 2,
      "55": 1,
      "68": 1
    },
    "5": {
      "3": 67,
      "4": 10,
      "5": 8,
      "6": 10,
      "7": 10,
      "8": 6,
      "9": 4,
      "10": 4,
      "11": 2,
      "12": 3,
      "13": 3,
      "14": 4,
      "15": 3,
      "16": 1,
      "18": 1,
      "20": 1,
      "22": 1,
      "24": 1,
      "26": 1,
      "27": 1,
      "30": 2,
      "31": 1,
      "36": 1,
      "58": 2
    },
    "6": {
      "3": 178,
      "4": 33,
      "5": 5,
      "6": 9,
      "7": 8,
      "8": 6,
      "9": 2,
      "10": 8,
      "11": 2,
      "13": 1,
      "14": 2,
      "16": 5,
      "17": 2,
      "18": 6,
      "19": 1,
      "20": 2,
      "21": 1,
      "22": 2,
      "23": 1,
      "24": 1,
      "25": 1,
      "28": 1,
      "37": 1,
      "38": 1,
      "39": 1,
      "65": 1,
      "79": 1
    },
    "7": {
      "3": 41,
      "4": 15,
      "5": 1,
      "6": 16,
      "7": 6,
      "8": 8,
      "9": 3,
      "10": 2,
      "12": 2,
      "13": 2,
      "14": 2,
      "15": 1,
      "16": 1,
      "17": 2,
      "19": 1,
      "20": 1,
      "23": 1,
      "24": 1,
      "27": 1,
      "28": 1,
      "29": 1,
      "35": 1,
      "36": 2,
      "38": 1,
      "41": 1,
      "50": 1,
      "65": 1
    },
    "8": {
      "3": 107,
      "4": 10,
      "5": 7,
      "6": 8,
      "7": 4,
      "8": 4,
      "9": 6,
      "10": 10,
      "11": 7,
      "12": 3,
      "13": 3,
      "14": 2,
      "15": 8,
      "16": 3,
      "17": 3,
      "18": 3,
      "19": 3,
      "21": 2,
      "24": 2,
      "26": 2,
      "30": 1,
      "37": 1,
      "38": 1,
      "39": 1,
      "49": 1,
      "52": 1
    },
    "9": {
      "3": 120,
      "4": 5,
      "5": 2,
      "6": 5,
      "7": 2,
      "8": 4,
      "9": 4,
      "10": 4,
      "11": 1,
      "12": 4,
      "13": 4,
      "14": 2,
      "15": 2,
      "16": 2,
      "17": 1,
      "18": 1,
      "19": 2,
      "21": 1,
      "22": 1,
      "23": 2,
      "26": 1,
      "32": 1,
      "35": 1,
      "63": 1,
      "66": 1
    },
    "10": {
      "3": 41,
      "4": 5,
      "5": 6,
      "6": 4,
      "7": 5,
      "8": 2,
      "9": 2,
      "10": 5,
      "11": 2,
      "12": 3,
      "13": 1,
      "14": 1,
      "15": 2,
      "16": 2,
      "17": 1,
      "20": 1,
      "26": 2,
      "27": 1,
      "29": 1,
      "30": 1,
      "33": 1,
      "48": 1,
      "53": 1,
      "93": 1
    },
    "11": {
      "3": 7,
      "4": 3,
      "5": 4,
      "6": 2,
      "7": 4,
      "8": 1,
      "9": 1,
      "10": 4,
      "11": 1,
      "12": 2,
      "13": 1,
      "14": 1,
      "15": 6,
      "16": 3,
      "17": 2,
      "18": 2,
      "19": 1,
      "20": 3,
      "21": 2,
      "23": 4,
      "25": 1,
      "30": 1,
      "31": 3,
      "37": 1,
      "39": 1,
      "42": 2,
      "50": 1,
      "74": 1
    },
    "12": {
      "3": 3,
      "5": 2,
      "6": 2,
      "9": 4,
      "11": 1,
      "13": 2,
      "16": 3,
      "18": 2,
      "19": 1,
      "21": 1,
      "22": 1,
      "26": 2,
      "31": 1,
      "32": 1,
      "33": 1,
      "35": 1,
      "60": 1
    },
    "13": {
      "3": 1,
      "5": 2,
      "6": 1,
      "7": 1,
      "8": 2,
      "9": 1,
      "10": 1,
      "11": 3,
      "12": 1,
      "13": 4,
      "14": 2,
      "15": 2,
      "16": 1,
      "17": 2,
      "19": 1,
      "21": 1,
      "28": 1,
      "29": 1,
      "32": 1,
      "33": 1,
      "42": 1,
      "55": 1,
      "69": 1,
      "177": 1
    },
    "14": {
      "3": 2,
      "4": 2,
      "6": 1,
      "7": 2,
      "8": 1,
      "9": 1,
      "10": 1,
      "11": 1,
      "13": 1,
      "14": 1,
      "17": 1,
      "18": 2,
      "19": 1,
      "20": 1,
      "23": 1,
      "29": 1,
      "30": 2,
      "33": 2,
      "43": 1,
      "51": 1,
      "55": 1
    },
    "15": {
      "3": 4,
      "6": 1,
      "10": 1,
      "13": 1,
      "14": 3,
      "16": 1,
      "18": 1,
      "20": 1,
      "21": 1,
      "22": 1,
      "25": 1
    },
    "16": {
      "6": 1,
      "11": 1,
      "13": 1,
      "14": 1,
      "15": 2,
      "17": 1,
      "18": 1,
      "22": 1,
      "26": 1,
      "62": 1,
      "83": 1,
      "116": 1
    },
    "17": {
      "3": 2,
      "5": 1,
      "8": 1,
      "12": 1,
      "19": 1,
      "22": 1,
      "23": 1,
      "24": 2,
      "32": 1,
      "33": 1,