{
  "repo": "okhttp",
  "totalMethods": 1453,
  "failedMethods": 18,
  "totalHistoryEquals1": 225,
  "totalHistory2To5": 667,
  "totalHistory6To10": 325,
  "totalHistoryGt10": 236,
  "totalChanges": 8677,
  "avgMethodLifetimeInDays": 796.2847142762661,
  "avgSize": 5.971782518926359,
  "medianSize": 4,
  "totalTimeTaken": 795001,
  "totalCommitsSeen": 76841,
  "avgTimeTaken": 547.1445285615966,
  "avgTotalCommitsSeen": 52.88437715072264,
  "medianTimeTaken": 387,
  "medianNumCommitsSeen": 37,
  "countSmallMethodsForOneChange": 93,
  "countSmallMethodsForMoreThanOneChange": 443,
  "numMethodsWithCrossFileChanges": 1131,
  "fragmentMethodsWithCrossFileChanges": 0.7783895388850653,
  "avgMethodSizeOneChange": 8.04888888888889,
  "avgMethodsMoreThanOneChange": 10.550488599348535,
  "changeStats": {
    "Yexceptionschange": 91,
    "Ymovefromfile": 1324,
    "Yrename": 310,
    "Yparameterchange": 519,
    "Yintroduced": 1426,
    "Ybodychange": 3359,
    "Ymodifierchange": 369,
    "Yreturntypechange": 245,
    "Yfilerename": 2438,
    "Yparametermetachange": 71
  },
  "totalHistoryCount": {
    "0": 3,
    "1": 225,
    "2": 234,
    "3": 180,
    "4": 143,
    "5": 107,
    "6": 72,
    "7": 70,
    "8": 96,
    "9": 58,
    "10": 29,
    "11": 37,
    "12": 34,
    "13": 22,
    "14": 19,
    "15": 25,
    "16": 10,
    "17": 18,
    "18": 11,
    "19": 14,
    "20": 7,
    "21": 7,
    "22": 2,
    "23": 8,
    "24": 3,
    "25": 3,
    "26": 2,
    "27": 3,
    "28": 2,
    "29": 2,
    "30": 2,
    "32": 1,
    "34": 1,
    "37": 1,
    "39": 1,
    "52": 1
  },
  "statsMethodsOneChange": {
    "setters": 2,
    "getters": 12,
    "tests": 1
  },
  "methodSizeStatsLeftNumChangesRightNumLinesNumMethods": {
    "0": {
      "3": 1,
      "4": 1,
      "15": 1
    },
    "1": {
      "2": 1,
      "3": 91,
      "4": 23,
      "5": 13,
      "6": 11,
      "7": 17,
      "8": 7,
      "9": 9,
      "10": 8,
      "11": 8,
      "12": 4,
      "13": 4,
      "14": 4,
      "15": 4,
      "16": 4,
      "17": 5,
      "20": 2,
      "23": 1,
      "27": 2,
      "34": 1,
      "47": 1,
      "49": 1,
      "51": 1,
      "55": 1,
      "84": 1,
      "87": 1
    },
    "2": {
      "2": 14,
      "3": 98,
      "4": 31,
      "5": 12,
      "6": 13,
      "7": 8,
      "8": 8,
      "9": 9,
      "11": 6,
      "12": 5,
      "13": 3,
      "14": 5,
      "15": 3,
      "16": 1,
      "17": 1,
      "18": 1,
      "20": 2,
      "22": 1,
      "28": 1,
      "30": 1,
      "31": 2,
      "33": 1,
      "41": 1,
      "43": 1,
      "46": 1,
      "48": 1,
      "50": 1,
      "51": 1,
      "54": 1,
      "58": 1
    },
    "3": {
      "2": 6,
      "3": 61,
      "4": 15,
      "5": 10,
      "6": 8,
      "7": 7,
      "8": 5,
      "9": 6,
      "10": 8,
      "11": 9,
      "12": 8,
      "13": 5,
      "14": 2,
      "15": 5,
      "16": 3,
      "17": 1,
      "18": 3,
      "19": 1,
      "20": 1,
      "21": 1,
      "24": 3,
      "25": 2,
      "26": 2,
      "27": 2,
      "30": 1,
      "32": 1,
      "34": 2,
      "39": 1,
      "41": 1
    },
    "4": {
      "2": 5,
      "3": 72,
      "4": 9,
      "5": 11,
      "6": 2,
      "7": 6,
      "8": 3,
      "9": 4,
      "10": 3,
      "12": 2,
      "13": 2,
      "14": 5,
      "15": 2,
      "17": 1,
      "20": 1,
      "21": 1,
      "22": 2,
      "24": 1,
      "26": 2,
      "27": 1,
      "28": 1,
      "34": 1,
      "35": 1,
      "42": 1,
      "43": 1,
      "49": 1,
      "68": 1,
      "86": 1
    },
    "5": {
      "2": 1,
      "3": 36,
      "4": 7,
      "5": 9,
      "6": 5,
      "7": 5,
      "8": 10,
      "9": 6,
      "10": 2,
      "11": 1,
      "12": 5,
      "13": 2,
      "14": 3,
      "15": 1,
      "16": 2,
      "18": 2,
      "19": 1,
      "21": 1,
      "23": 1,
      "30": 2,
      "40": 1,
      "67": 1,
      "69": 1,
      "84": 1,
      "104": 1
    },
    "6": {
      "3": 17,
      "4": 10,
      "5": 6,
      "6": 4,
      "7": 5,
      "8": 6,
      "9": 3,
      "10": 3,
      "11": 4,
      "12": 1,
      "13": 3,
      "14": 1,
      "16": 1,
      "19": 1,
      "24": 1,
      "28": 1,
      "29": 1,
      "30": 1,
      "50": 1,
      "51": 1,
      "94": 1
    },
    "7": {
      "2": 3,
      "3": 18,
      "4": 8,
      "5": 11,
      "6": 3,
      "7": 3,
      "8": 1,
      "9": 2,
      "10": 3,
      "12": 1,
      "13": 3,
      "14": 3,
      "15": 1,
      "17": 1,
      "19": 1,
      "20": 1,
      "21": 1,
      "22": 1,
      "23": 1,
      "25": 1,
      "36": 1,
      "37": 1,
      "87": 1
    },
    "8": {
      "2": 5,
      "3": 50,
      "4": 4,
      "5": 10,
      "6": 2,
      "7": 3,
      "8": 2,
      "9": 3,
      "10": 1,
      "11": 2,
      "13": 1,
      "14": 2,
      "18": 1,
      "20": 1,
      "22": 2,
      "23": 2,
      "25": 1,
      "33": 1,
      "38": 1,
      "42": 1,
      "58": 1
    },
    "9": {
      "3": 21,
      "4": 6,
      "5": 6,
      "6": 4,
      "7": 4,
      "9": 2,
      "10": 3,
      "12": 1,
      "14": 2,
      "16": 1,
      "17": 1,
      "19": 1,
      "24": 1,
      "29": 1,
      "36": 1,
      "42": 1,
      "44": 1,
      "100": 1
    },
    "10": {
      "3": 10,
      "6": 4,
      "7": 2,
      "8": 2,
      "10": 4,
      "11": 1,
      "14": 1,
      "21": 2,
      "23": 1,
      "27": 1,
      "68": 1
    },
    "11": {
      "3": 13,
      "4": 3,
      "5": 2,
      "6": 3,
      "7": 1,
      "8": 4,
      "11": 1,
      "12": 2,
      "14": 1,
      "15": 1,
      "17": 1,
      "20": 1,
      "21": 1,
      "42": 1,
      "60": 1,
      "100": 1
    },
    "12": {
      "3": 4,
      "4": 4,
      "5": 1,
      "6": 1,
      "7": 1,
      "8": 1,
      "9": 3,
      "10": 3,
      "12": 2,
      "13": 1,
      "14": 2,
      "15": 1,
      "19": 2,
      "20": 1,
      "21": 1,
      "23": 2,
      "24": 1,
      "36": 1,
      "41": 1,
      "46": 1
    },
    "13": {
      "3": 2,
      "4": 3,
      "5": 1,
      "6": 2,
      "9": 3,
      "10": 1,
      "11": 1,
      "12": 1,
      "13": 2,
      "14": 1,
      "21": 1,
      "28": 1,
      "31": 1,
      "33": 1,
      "61": 1
    },
    "14": {
      "4": 2,
      "5": 1,
      "6": 2,
      "8": 1,
      "11": 1,
      "13": 1,
      "15": 1,
      "18": 1,
      "19": 4,
      "24": 1,
      "27": 1,
      "30": 1,
      "39": 1,
      "94": 1
    },
    "15": {
      "3": 4,
      "5": 1,
      "6": 2,
      "7": 3,
      "8": 1,
      "9": 1,
      "11": 1,
      "12": 1,
      "15": 2,
      "17": 1,
      "19": 1,
      "20": 1,
      "27": 1,
      "35": 1,
      "38": 1,
      "46": 1,
      "82": 1,
      "132": 1
    },
    "16": {
      "4": 1,
      "5": 2,
      "9": 1,
      "14": 1,
      "15": 2,
      "18": 1,
      "19": 1,
      "47": 1
    },
    "17": {
      "3": 1,
      "5": 4,
      "11": 1,
      "12": 2,
      "15": 1,
      "16": 1,
      "19": 2,
      "21": 2,
      "31": 1,
      "38": 1,
      "39": 1,
      "60": 1
    },
    "18": {
      "5": 1,
      "6": 1,
      "7": 2,
      "11": 2,
      "14": 1,
      "15": 1,
      "39": 2,
      "59": 1
    },
    "19": {
      "4": 1,
      "5": 1,
      "6": 1,
      "7": 1,
      "8": 1,
      "9": 1,
      "10": 1,
      "17": 1,
      "18": 1,
      "19": 1,
      "22": 2,
      "24": 1,
      "36": 1
    },
    "20": {
      "3": 1,
      "8": 2,
      "12": 1,
      "13": 1,
      "17": 1,
      "34": 1
    },
    "21": {
      "7": 1,
      "9": 1,
      "11": 1,
      "12": 1,
      "15": 2,
      "28": 1
    },
    "22": {
      "11": 1,
      "24": 1
    },
    "23": {
      "7": 1,
      "8": 1,
      "11": 1,
      "13": 1,
      "16": 1,
      "20": 1,
      "43": 1,
      "47": 1
    },
    "24": {
      "12": 1,
      "45": 1,
      "120": 1
    },
    "25": {
      "44": 1,
      "46": 1,
      "69": 1
    },
    "26": {
      "19": 1,
      "43": 1
    },
    "27": {
      "21": 1,
      "32": 1,