{
  "repo": "junit4",
  "totalMethods": 1110,
  "failedMethods": 31,
  "totalHistoryEquals1": 350,
  "totalHistory2To5": 519,
  "totalHistory6To10": 182,
  "totalHistoryGt10": 59,
  "totalChanges": 4318,
  "avgMethodLifetimeInDays": 1687.178789167893,
  "avgSize": 3.89009009009009,
  "medianSize": 3,
  "totalTimeTaken": 203042,
  "totalCommitsSeen": 34731,
  "avgTimeTaken": 182.9207207207207,
  "avgTotalCommitsSeen": 31.28918918918919,
  "medianTimeTaken": 112,
  "medianNumCommitsSeen": 22,
  "countSmallMethodsForOneChange": 183,
  "countSmallMethodsForMoreThanOneChange": 377,
  "numMethodsWithCrossFileChanges": 560,
  "fragmentMethodsWithCrossFileChanges": 0.5045045045045045,
  "avgMethodSizeOneChange": 5.848571428571429,
  "avgMethodsMoreThanOneChange": 6.6644736842105265,
  "changeStats": {
    "Yfilerename": 974,
    "Yintroduced": 1062,
    "Ybodychange": 1992,
    "Ymodifierchange": 206,
    "Yparameterchange": 333,
    "Yreturntypechange": 134,
    "Yrename": 126,
    "Ymovefromfile": 175,
    "Yexceptionschange": 82,
    "Yparametermetachange": 18
  },
  "totalHistoryCount": {
    "0": 5,
    "1": 350,
    "2": 143,
    "3": 161,
    "4": 106,
    "5": 104,
    "6": 55,
    "7": 57,
    "8": 30,
    "9": 21,
    "10": 19,
    "11": 8,
    "12": 12,
    "13": 18,
    "14": 4,
    "15": 5,
    "16": 4,
    "17": 1,
    "19": 1,
    "20": 2,
    "29": 1,
    "35": 2,
    "71": 1
  },
  "statsMethodsOneChange": {
    "setters": 1,
    "getters": 43,
    "tests": 9
  },
  "methodSizeStatsLeftNumChangesRightNumLinesNumMethods": {
    "0": {
      "3": 1,
      "4": 1,
      "8": 1,
      "14": 1,
      "18": 1
    },
    "1": {
      "2": 3,
      "3": 179,
      "4": 29,
      "5": 19,
      "6": 12,
      "7": 20,
      "8": 25,
      "9": 8,
      "10": 7,
      "11": 10,
      "12": 7,
      "13": 2,
      "14": 3,
      "15": 10,
      "16": 3,
      "17": 3,
      "18": 2,
      "21": 2,
      "22": 2,
      "23": 1,
      "25": 1,
      "28": 1,
      "30": 1
    },
    "2": {
      "2": 4,
      "3": 82,
      "4": 9,
      "5": 13,
      "6": 7,
      "7": 5,
      "8": 4,
      "9": 6,
      "10": 1,
      "11": 1,
      "12": 3,
      "13": 1,
      "14": 1,
      "15": 1,
      "16": 1,
      "18": 1,
      "22": 1,
      "25": 1,
      "28": 1
    },
    "3": {
      "2": 11,
      "3": 91,
      "4": 15,
      "5": 8,
      "6": 4,
      "7": 4,
      "8": 7,
      "9": 1,
      "10": 3,
      "11": 8,
      "12": 2,
      "14": 1,
      "16": 2,
      "18": 1,
      "20": 1,
      "26": 1,
      "62": 1
    },
    "4": {
      "2": 10,
      "3": 51,
      "4": 10,
      "5": 5,
      "6": 7,
      "7": 2,
      "8": 6,
      "9": 4,
      "10": 2,
      "11": 3,
      "12": 1,
      "13": 2,
      "19": 1,
      "20": 2
    },
    "5": {
      "3": 54,
      "4": 8,
      "5": 3,
      "6": 3,
      "7": 8,
      "8": 4,
      "9": 2,
      "10": 1,
      "11": 3,
      "12": 4,
      "13": 2,
      "14": 1,
      "15": 1,
      "16": 2,
      "17": 2,
      "19": 1,
      "20": 1,
      "22": 1,
      "24": 1,
      "32": 1,
      "36": 1
    },
    "6": {
      "3": 22,
      "4": 3,
      "5": 3,
      "6": 6,
      "7": 4,
      "8": 2,
      "9": 2,
      "10": 2,
      "11": 3,
      "12": 1,
      "13": 1,
      "15": 1,
      "16": 1,
      "18": 1,
      "21": 1,
      "30": 1,
      "31": 1
    },
    "7": {
      "2": 2,
      "3": 16,
      "4": 2,
      "5": 3,
      "6": 5,
      "7": 2,
      "8": 4,
      "9": 3,
      "10": 2,
      "11": 3,
      "12": 2,
      "14": 2,
      "15": 1,
      "16": 1,
      "17": 3,
      "20": 1,
      "21": 1,
      "22": 1,
      "23": 1,
      "26": 1,
      "36": 1
    },
    "8": {
      "3": 8,
      "4": 4,
      "5": 2,
      "6": 2,
      "7": 4,
      "8": 2,
      "9": 2,
      "11": 1,
      "13": 1,
      "15": 2,
      "18": 1,
      "26": 1
    },
    "9": {
      "2": 1,
      "3": 7,
      "4": 1,
      "6": 2,
      "10": 1,
      "13": 1,
      "15": 3,
      "16": 2,
      "17": 1,
      "20": 2
    },
    "10": {
      "3": 8,
      "4": 2,
      "5": 1,
      "6": 1,
      "7": 2,
      "8": 1,
      "13": 1,
      "14": 1,
      "19": 1,
      "33": 1
    },
    "11": {
      "3": 3,
      "6": 1,
      "15": 1,
      "20": 1,
      "31": 1,
      "48": 1
    },
    "12": {
      "3": 3,
      "7": 2,
      "10": 1,
      "13": 2,
      "15": 1,
      "24": 1,
      "26": 1,
      "35": 1
    },
    "13": {
      "3": 3,
      "4": 1,
      "7": 1,
      "8": 1,
      "9": 3,
      "10": 2,
      "11": 2,
      "12": 1,
      "14": 1,
      "16": 1,
      "18": 1,
      "27": 1
    },
    "14": {
      "14": 1,
      "17": 1,
      "19": 1,
      "24": 1
    },
    "15": {
      "6": 1,
      "8": 1,
      "9": 1,
      "11": 1,
      "13": 1
    },
    "16": {
      "9": 1,
      "12": 1,
      "14": 2
    },
    "17": {
      "6": 1
    },
    "19": {
      "11": 1
    },
    "20": {
      "10": 1,
      "12": 1
    },
    "29": {
      "21": 1
    },
    "35": {
      "14": 1,
      "46": 1
    },
    "71": {
      "3": 1
    }
  }
}