{
  "repo": "hibernate-orm",
  "totalMethods": 23487,
  "failedMethods": 227,
  "totalHistoryEquals1": 6162,
  "totalHistory2To5": 14006,
  "totalHistory6To10": 2825,
  "totalHistoryGt10": 494,
  "totalChanges": 79392,
  "avgMethodLifetimeInDays": 1466.918149356008,
  "avgSize": 3.3802529058628177,
  "medianSize": 3,
  "totalTimeTaken": 22515112,
  "totalCommitsSeen": 738905,
  "avgTimeTaken": 958.620172861583,
  "avgTotalCommitsSeen": 31.460169455443438,
  "medianTimeTaken": 705,
  "medianNumCommitsSeen": 17,
  "countSmallMethodsForOneChange": 3935,
  "countSmallMethodsForMoreThanOneChange": 8718,
  "numMethodsWithCrossFileChanges": 14921,
  "fragmentMethodsWithCrossFileChanges": 0.6352876059096522,
  "avgMethodSizeOneChange": 6.674780915287244,
  "avgMethodsMoreThanOneChange": 9.896507936507936,
  "changeStats": {
    "Ybodychange": 20851,
    "Yintroduced": 22689,
    "Yrename": 1564,
    "Yparameterchange": 4034,
    "Yreturntypechange": 1798,
    "Ymodifierchange": 999,
    "Yfilerename": 32071,
    "Yexceptionschange": 478,
    "Ymovefromfile": 3141,
    "Yparametermetachange": 103
  },
  "totalHistoryCount": {
    "0": 326,
    "1": 6162,
    "2": 3069,
    "3": 4525,
    "4": 4079,
    "5": 2007,
    "6": 1224,
    "7": 702,
    "8": 472,
    "9": 249,
    "10": 178,
    "11": 125,
    "12": 90,
    "13": 81,
    "14": 43,
    "15": 30,
    "16": 24,
    "17": 26,
    "18": 17,
    "19": 9,
    "20": 6,
    "21": 6,
    "22": 9,
    "23": 6,
    "24": 1,
    "25": 5,
    "26": 3,
    "27": 3,
    "28": 2,
    "29": 1,
    "30": 1,
    "31": 1,
    "32": 2,
    "37": 1,
    "42": 1,
    "69": 1
  },
  "statsMethodsOneChange": {
    "setters": 140,
    "getters": 2289,
    "tests": 1
  },
  "methodSizeStatsLeftNumChangesRightNumLinesNumMethods": {
    "0": {
      "2": 1,
      "3": 216,
      "4": 31,
      "5": 8,
      "6": 11,
      "7": 8,
      "8": 5,
      "9": 10,
      "10": 3,
      "11": 2,
      "13": 3,
      "14": 2,
      "16": 3,
      "17": 4,
      "18": 2,
      "20": 2,
      "21": 2,
      "23": 2,
      "28": 2,
      "29": 1,
      "32": 1,
      "35": 1,
      "43": 1,
      "45": 1,
      "46": 1,
      "49": 1,
      "55": 1,
      "64": 1
    },
    "1": {
      "1": 4,
      "2": 21,
      "3": 3693,
      "4": 529,
      "5": 206,
      "6": 203,
      "7": 187,
      "8": 175,
      "9": 121,
      "10": 115,
      "11": 99,
      "12": 79,
      "13": 60,
      "14": 57,
      "15": 58,
      "16": 58,
      "17": 40,
      "18": 38,
      "19": 43,
      "20": 28,
      "21": 43,
      "22": 16,
      "23": 19,
      "24": 28,
      "25": 16,
      "26": 16,
      "27": 16,
      "28": 11,
      "29": 12,
      "30": 14,
      "31": 9,
      "32": 5,
      "33": 7,
      "34": 8,
      "35": 10,
      "36": 8,
      "37": 6,
      "38": 9,
      "39": 9,
      "40": 10,
      "42": 4,
      "43": 2,
      "44": 6,
      "45": 3,
      "46": 5,
      "47": 1,
      "48": 3,
      "50": 2,
      "51": 7,
      "52": 2,
      "53": 4,
      "54": 1,
      "55": 1,
      "56": 2,
      "57": 3,
      "58": 2,
      "59": 1,
      "60": 1,
      "61": 1,
      "63": 1,
      "64": 1,
      "66": 2,
      "68": 1,
      "72": 3,
      "75": 2,
      "77": 1,
      "79": 2,
      "82": 1,
      "84": 1,
      "85": 1,
      "87": 1,
      "90": 2,
      "92": 1,
      "122": 1,
      "161": 1,
      "172": 1,
      "209": 1,
      "219": 1
    },
    "2": {
      "2": 53,
      "3": 1557,
      "4": 278,
      "5": 109,
      "6": 102,
      "7": 76,
      "8": 115,
      "9": 90,
      "10": 60,
      "11": 54,
      "12": 61,
      "13": 44,
      "14": 44,
      "15": 32,
      "16": 38,
      "17": 31,
      "18": 36,
      "19": 17,
      "20": 18,
      "21": 19,
      "22": 22,
      "23": 10,
      "24": 17,
      "25": 15,
      "26": 6,
      "27": 11,
      "28": 9,
      "29": 13,
      "30": 16,
      "31": 6,
      "32": 7,
      "33": 11,
      "34": 8,
      "35": 9,
      "36": 4,
      "37": 4,
      "38": 2,
      "39": 8,
      "40": 2,
      "41": 4,
      "42": 1,
      "43": 2,
      "44": 2,
      "45": 2,
      "46": 5,
      "47": 3,
      "48": 1,
      "49": 3,
      "50": 3,
      "51": 4,
      "52": 2,
      "53": 1,
      "55": 2,
      "57": 2,
      "59": 1,
      "62": 2,
      "64": 1,
      "66": 1,
      "68": 1,
      "69": 1,
      "70": 1,
      "71": 1,
      "72": 1,
      "73": 1,
      "75": 1,
      "78": 2,
      "81": 1,
      "108": 1,
      "111": 1,
      "129": 1
    },
    "3": {
      "1": 3,
      "2": 38,
      "3": 3129,
      "4": 286,
      "5": 137,
      "6": 122,
      "7": 77,
      "8": 102,
      "9": 72,
      "10": 50,
      "11": 57,
      "12": 42,
      "13": 35,
      "14": 28,
      "15": 42,
      "16": 27,
      "17": 24,
      "18": 25,
      "19": 18,
      "20": 13,
      "21": 24,
      "22": 12,
      "23": 6,
      "24": 15,
      "25": 6,
      "26": 5,
      "27": 5,
      "28": 8,
      "29": 9,
      "30": 6,
      "31": 7,
      "32": 7,
      "33": 3,
      "34": 5,
      "35": 10,
      "36": 4,
      "37": 3,
      "38": 2,
      "39": 7,
      "40": 2,
      "41": 3,
      "42": 1,
      "43": 1,
      "45": 2,
      "46": 1,
      "47": 3,
      "48": 2,
      "50": 2,
      "52": 4,
      "56": 2,
      "58": 1,
      "60": 1,
      "61": 1,
      "62": 1,
      "64": 1,
      "66": 1,
      "67": 2,
      "68": 1,
      "69": 1,
      "70": 2,
      "76": 1,
      "77": 1,
      "78": 1,
      "81": 1,
      "85": 1,
      "87": 1,
      "88": 1,
      "92": 2,
      "93": 1,
      "97": 1,
      "98": 1,
      "104": 2,
      "110": 1,
      "113": 1,
      "124": 1,
      "125": 1,
      "208": 1
    },
    "4": {
      "1": 1,
      "2": 20,
      "3": 2369,
      "4": 414,
      "5": 148,
      "6": 121,
      "7": 138,
      "8": 132,
      "9": 96,
      "10": 64,
      "11": 54,
      "12": 61,
      "13": 49,
      "14": 53,
      "15": 34,
      "16": 23,
      "17": 24,
      "18": 26,
      "19": 25,
      "20": 25,
      "21": 16,
      "22": 16,
      "23": 7,
      "24": 20,
      "25": 9,
      "26": 10,
      "27": 5,
      "28": 7,
      "29": 2,
      "30": 8,
      "31": 4,
      "32": 5,
      "33": 6,
      "34": 4,
      "35": 7,
      "36": 7,
      "37": 6,
      "38": 3,
      "39": 4,
      "40": 2,
      "41": 2,
      "42": 2,
      "43": 3,
      "44": 3,
      "45": 3,
      "46": 3,
      "47": 4,
      "48": 3,
      "49": 1,
      "50": 2,
      "51": 2,
      "52": 1,
      "53": 2,
      "55": 2,
      "56": 2,
      "57": 1,
      "59": 1,
      "61": 2,
      "63": 1,
      "64": 2,
      "65": 1,
      "67": 1,
      "69": 1,
      "73": 1,
      "81": 1,
      "83": 1,
      "87": 3,
      "89": 1,
      "97": 1,
      "132": 1
    },
    "5": {
      "2": 10,
      "3": 793,
      "4": 176,
      "5": 88,
      "6": 91,
      "7": 70,
      "8": 83,
      "9": 69,
      "10": 58,
      "11": 56,
      "12": 55,
      "13": 40,
      "14": 32,
      "15": 37,
      "16": 30,
      "17": 20,
      "18": 43,
      "19": 16,
      "20": 15,
      "21": 12,
      "22": 12,
      "23": 13,
      "24": 14,
      "25": 20,
      "26": 10,
      "27": 9,
      "28": 6,
      "29": 10,
      "30": 10,
      "31": 3,
      "32": 6,
      "33": 8,
      "34": 8,
      "35": 5,
      "36": 5,
      "37": 4,
      "38": 6,
      "39": 5,
      "40": 9,
      "43": 2,
      "44": 2,
      "45": 2,
      "46": 1,
      "47": 2,
      "49": 2,
      "52": 1,
      "53": 1,
      "55": 3,
      "56": 2,
      "57": 1,
      "60": 1,
      "61": 2,
      "63": 1,
      "64": 2,
      "65": 1,
      "69": 3,
      "71": 1,
      "73": 1,
      "77": 1,
      "78": 1,
      "80": 2,
      "88": 1,
      "92": 1,
      "94": 2,
      "95": 2,
      "96": 1,
      "102": 1,
      "109": 1,
      "114": 1,
      "115": 1,
      "118": 1,
      "170": 1,
      "190": 1,
      "191": 1
    },