{
  "repo": "jgit",
  "totalMethods": 8290,
  "failedMethods": 12,
  "totalHistoryEquals1": 3820,
  "totalHistory2To5": 3883,
  "totalHistory6To10": 449,
  "totalHistoryGt10": 138,
  "totalChanges": 19655,
  "avgMethodLifetimeInDays": 1598.4054310619542,
  "avgSize": 2.370928829915561,
  "medianSize": 2,
  "totalTimeTaken": 3521188,
  "totalCommitsSeen": 251176,
  "avgTimeTaken": 424.7512665862485,
  "avgTotalCommitsSeen": 30.298673100120627,
  "medianTimeTaken": 294.5,
  "medianNumCommitsSeen": 17,
  "countSmallMethodsForOneChange": 1982,
  "countSmallMethodsForMoreThanOneChange": 1220,
  "numMethodsWithCrossFileChanges": 1574,
  "fragmentMethodsWithCrossFileChanges": 0.18986731001206272,
  "avgMethodSizeOneChange": 6.879319371727749,
  "avgMethodsMoreThanOneChange": 14.32930648769575,
  "changeStats": {
    "Yfilerename": 1654,
    "Yintroduced": 8205,
    "Yparametermetachange": 1277,
    "Ybodychange": 7858,
    "Yrename": 189,
    "Ymodifierchange": 446,
    "Yreturntypechange": 221,
    "Yparameterchange": 679,
    "Yexceptionschange": 305,
    "Ymovefromfile": 386
  },
  "totalHistoryCount": {
    "0": 68,
    "1": 3820,
    "2": 2136,
    "3": 915,
    "4": 507,
    "5": 257,
    "6": 162,
    "7": 123,
    "8": 83,
    "9": 48,
    "10": 33,
    "11": 30,
    "12": 23,
    "13": 13,
    "14": 11,
    "15": 11,
    "16": 6,
    "17": 3,
    "18": 6,
    "19": 6,
    "20": 3,
    "21": 1,
    "22": 6,
    "23": 1,
    "24": 5,
    "25": 1,
    "27": 1,
    "28": 2,
    "29": 2,
    "31": 1,
    "36": 2,
    "38": 1,
    "39": 1,
    "40": 1,
    "41": 1
  },
  "statsMethodsOneChange": {
    "setters": 150,
    "getters": 1019,
    "tests": 1
  },
  "methodSizeStatsLeftNumChangesRightNumLinesNumMethods": {
    "0": {
      "3": 25,
      "4": 6,
      "5": 6,
      "6": 2,
      "7": 4,
      "8": 2,
      "9": 3,
      "10": 2,
      "11": 1,
      "12": 4,
      "13": 1,
      "14": 1,
      "15": 1,
      "18": 1,
      "19": 1,
      "20": 3,
      "23": 1,
      "44": 1,
      "53": 1,
      "111": 1,
      "129": 1
    },
    "1": {
      "1": 5,
      "3": 1952,
      "4": 379,
      "5": 248,
      "6": 168,
      "7": 155,
      "8": 139,
      "9": 108,
      "10": 89,
      "11": 56,
      "12": 57,
      "13": 53,
      "14": 44,
      "15": 36,
      "16": 35,
      "17": 28,
      "18": 16,
      "19": 30,
      "20": 17,
      "21": 23,
      "22": 16,
      "23": 11,
      "24": 19,
      "25": 14,
      "26": 8,
      "27": 6,
      "28": 10,
      "29": 7,
      "30": 6,
      "31": 7,
      "32": 8,
      "33": 6,
      "34": 5,
      "35": 9,
      "36": 1,
      "37": 4,
      "38": 2,
      "39": 2,
      "40": 4,
      "41": 2,
      "43": 4,
      "44": 2,
      "45": 1,
      "46": 1,
      "48": 1,
      "49": 2,
      "50": 2,
      "51": 2,
      "52": 1,
      "55": 1,
      "57": 2,
      "59": 1,
      "62": 1,
      "63": 1,
      "64": 3,
      "66": 2,
      "74": 1,
      "76": 1,
      "77": 1,
      "84": 1,
      "95": 1,
      "115": 1,
      "233": 1,
      "371": 1
    },
    "2": {
      "1": 2,
      "3": 815,
      "4": 220,
      "5": 163,
      "6": 127,
      "7": 131,
      "8": 110,
      "9": 69,
      "10": 46,
      "11": 38,
      "12": 60,
      "13": 32,
      "14": 28,
      "15": 29,
      "16": 23,
      "17": 30,
      "18": 18,
      "19": 17,
      "20": 18,
      "21": 11,
      "22": 14,
      "23": 6,
      "24": 9,
      "25": 11,
      "26": 5,
      "27": 9,
      "28": 5,
      "29": 6,
      "30": 3,
      "31": 8,
      "32": 4,
      "33": 5,
      "34": 5,
      "35": 2,
      "36": 1,
      "37": 4,
      "38": 4,
      "39": 2,
      "40": 5,
      "41": 4,
      "42": 2,
      "43": 4,
      "44": 2,
      "45": 1,
      "46": 2,
      "47": 3,
      "48": 2,
      "49": 4,
      "50": 2,
      "52": 3,
      "54": 2,
      "55": 1,
      "60": 2,
      "61": 1,
      "62": 1,
      "64": 1,
      "66": 1,
      "72": 1,
      "79": 1,
      "112": 1
    },
    "3": {
      "3": 253,
      "4": 84,
      "5": 57,
      "6": 51,
      "7": 61,
      "8": 40,
      "9": 39,
      "10": 28,
      "11": 28,
      "12": 21,
      "13": 22,
      "14": 20,
      "15": 15,
      "16": 13,
      "17": 12,
      "18": 11,
      "19": 6,
      "20": 9,
      "21": 11,
      "22": 10,
      "23": 10,
      "24": 12,
      "25": 3,
      "26": 5,
      "27": 5,
      "28": 6,
      "29": 8,
      "30": 2,
      "31": 6,
      "32": 3,
      "33": 4,
      "34": 3,
      "35": 5,
      "36": 5,
      "37": 4,
      "38": 2,
      "39": 3,
      "40": 1,
      "41": 2,
      "42": 1,
      "43": 2,
      "45": 1,
      "46": 2,
      "47": 3,
      "48": 3,
      "49": 2,
      "51": 2,
      "55": 1,
      "59": 4,
      "62": 1,
      "65": 2,
      "68": 1,
      "69": 4,
      "70": 1,
      "75": 2,
      "85": 1,
      "88": 1,
      "108": 1
    },
    "4": {
      "3": 92,
      "4": 30,
      "5": 35,
      "6": 29,
      "7": 23,
      "8": 18,
      "9": 23,
      "10": 24,
      "11": 17,
      "12": 12,
      "13": 15,
      "14": 20,
      "15": 10,
      "16": 12,
      "17": 7,
      "18": 14,
      "19": 8,
      "20": 8,
      "21": 11,
      "22": 9,
      "23": 6,
      "24": 6,
      "25": 6,
      "26": 1,
      "27": 6,
      "28": 3,
      "29": 7,
      "30": 3,
      "31": 3,
      "32": 7,
      "33": 2,
      "34": 4,
      "35": 3,
      "36": 1,
      "38": 1,
      "39": 1,
      "41": 2,
      "43": 5,
      "45": 1,
      "46": 2,
      "47": 1,
      "48": 3,
      "50": 2,
      "51": 1,
      "53": 2,
      "54": 1,
      "55": 1,
      "56": 1,
      "57": 1,
      "58": 1,
      "61": 1,
      "63": 1,
      "68": 1,
      "78": 1,
      "80": 1,
      "94": 1
    },
    "5": {
      "3": 30,
      "4": 13,
      "5": 11,
      "6": 12,
      "7": 10,
      "8": 11,
      "9": 12,
      "10": 9,
      "11": 10,
      "12": 7,
      "13": 8,
      "14": 8,
      "15": 6,
      "16": 6,
      "17": 7,
      "18": 7,
      "19": 7,
      "20": 5,
      "21": 6,
      "22": 2,
      "23": 2,
      "24": 4,
      "25": 5,
      "26": 4,
      "27": 4,
      "28": 6,
      "31": 4,
      "32": 2,
      "33": 2,
      "34": 3,
      "35": 3,
      "36": 2,
      "37": 3,
      "38": 2,
      "40": 1,
      "41": 1,
      "42": 3,
      "43": 1,
      "44": 1,
      "45": 1,
      "47": 1,
      "49": 1,
      "52": 2,
      "57": 1,
      "58": 2,
      "59": 2,
      "65": 1,
      "66": 1,
      "68": 1,
      "69": 1,
      "80": 1,
      "92": 1,
      "132": 1
    },
    "6": {
      "3": 10,
      "4": 5,
      "5": 4,
      "6": 9,
      "7": 5,
      "8": 4,
      "9": 7,
      "10": 11,
      "11": 5,
      "12": 4,
      "13": 7,
      "14": 5,
      "15": 5,
      "16": 4,
      "17": 1,
      "18": 2,
      "19": 1,
      "20": 5,
      "21": 5,
      "22": 3,
      "23": 3,
      "24": 4,
      "25": 4,
      "26": 5,
      "27": 2,
      "28": 1,
      "29": 1,
      "31": 2,
      "32": 2,
      "33": 2,
      "34": 1,
      "35": 1,
      "36": 1,
      "37": 1,
      "38": 1,
      "39": 3,
      "40": 2,
      "41": 2,
      "43": 1,
      "45": 2,
      "46": 1,
      "48": 1,
      "50": 1,
      "52": 2,
      "57": 1,
      "59": 1,
      "63": 1,
      "66": 1,
      "67": 1,
      "69": 1,
      "75": 2,
      "81": 1,
      "91": 2,
      "92": 1,
      "140": 1,
      "173": 1
    },
    "7": {
      "3": 10,
      "4": 5,
      "5": 4,
      "6": 5,
      "7": 4,
      "8": 2,
      "10": 5,
      "11": 2,
      "12": 2,
      "13": 2,
      "14": 3,
      "15": 2,
      "16": 3,
      "17": 5,
      "18": 3,
      "19": 2,
      "20": 1,
      "21": 2,
      "22": 5,
      "24": 2,
      "25": 3,
      "26": 1,
      "27": 3,
      "28": 2,
      "29": 2,
      "30": 1,
      "31": 3,
      "33": 6,
      "34": 2,
      "35": 1,
      "36": 2,
      "38": 3,
      "39": 1,
      "41": 1,
      "42": 2,
      "43": 2,