{
  "repo": "javaparser",
  "totalMethods": 5944,
  "failedMethods": 107,
  "totalHistoryEquals1": 2261,
  "totalHistory2To5": 2105,
  "totalHistory6To10": 879,
  "totalHistoryGt10": 699,
  "totalChanges": 25536,
  "avgMethodLifetimeInDays": 710.0690841950014,
  "avgSize": 4.296096904441454,
  "medianSize": 2,
  "totalTimeTaken": 1895680,
  "totalCommitsSeen": 292125,
  "avgTimeTaken": 318.9232839838493,
  "avgTotalCommitsSeen": 49.146197846567965,
  "medianTimeTaken": 243,
  "medianNumCommitsSeen": 39,
  "countSmallMethodsForOneChange": 1807,
  "countSmallMethodsForMoreThanOneChange": 1709,
  "numMethodsWithCrossFileChanges": 2613,
  "fragmentMethodsWithCrossFileChanges": 0.4396029609690444,
  "avgMethodSizeOneChange": 4.288367978770456,
  "avgMethodsMoreThanOneChange": 9.028780885147977,
  "changeStats": {
    "Yfilerename": 7303,
    "Ymodifierchange": 366,
    "Ybodychange": 9918,
    "Yexceptionschange": 37,
    "Yparameterchange": 1417,
    "Yintroduced": 5747,
    "Yrename": 330,
    "Ymovefromfile": 461,
    "Yreturntypechange": 1554,
    "Yparametermetachange": 1083
  },
  "totalHistoryCount": {
    "0": 59,
    "1": 2261,
    "2": 993,
    "3": 517,
    "4": 320,
    "5": 216,
    "6": 307,
    "7": 163,
    "8": 143,
    "9": 127,
    "10": 139,
    "11": 117,
    "12": 76,
    "13": 97,
    "14": 94,
    "15": 68,
    "16": 53,
    "17": 50,
    "18": 35,
    "19": 29,
    "20": 21,
    "21": 12,
    "22": 8,
    "23": 7,
    "24": 3,
    "25": 9,
    "26": 2,
    "27": 5,
    "29": 2,
    "30": 2,
    "31": 1,
    "32": 1,
    "33": 1,
    "36": 1,
    "43": 1,
    "49": 1,
    "57": 1,
    "66": 1,
    "85": 1
  },
  "statsMethodsOneChange": {
    "setters": 17,
    "getters": 520,
    "tests": 0
  },
  "methodSizeStatsLeftNumChangesRightNumLinesNumMethods": {
    "0": {
      "3": 28,
      "4": 18,
      "5": 3,
      "6": 1,
      "7": 3,
      "9": 2,
      "12": 1,
      "13": 1,
      "16": 1,
      "18": 1
    },
    "1": {
      "1": 1,
      "2": 5,
      "3": 1773,
      "4": 50,
      "5": 110,
      "6": 69,
      "7": 36,
      "8": 56,
      "9": 12,
      "10": 27,
      "11": 41,
      "12": 20,
      "13": 5,
      "14": 5,
      "15": 2,
      "16": 6,
      "17": 8,
      "18": 1,
      "19": 4,
      "20": 6,
      "22": 2,
      "23": 2,
      "24": 2,
      "25": 3,
      "27": 1,
      "28": 1,
      "29": 1,
      "30": 1,
      "33": 2,
      "34": 1,
      "35": 1,
      "44": 2,
      "47": 1,
      "50": 1,
      "53": 1,
      "60": 1,
      "62": 1
    },
    "2": {
      "2": 87,
      "3": 428,
      "4": 25,
      "5": 55,
      "6": 53,
      "7": 35,
      "8": 23,
      "9": 47,
      "10": 28,
      "11": 32,
      "12": 13,
      "13": 20,
      "14": 4,
      "15": 31,
      "16": 6,
      "17": 18,
      "18": 2,
      "19": 7,
      "20": 27,
      "21": 9,
      "22": 2,
      "23": 1,
      "24": 1,
      "25": 13,
      "27": 1,
      "28": 2,
      "29": 2,
      "30": 6,
      "32": 1,
      "33": 1,
      "35": 2,
      "37": 1,
      "40": 2,
      "41": 1,
      "42": 1,
      "43": 1,
      "50": 1,
      "53": 1,
      "64": 1,
      "95": 1,
      "292": 1
    },
    "3": {
      "1": 1,
      "3": 289,
      "4": 20,
      "5": 17,
      "6": 30,
      "7": 18,
      "8": 14,
      "9": 14,
      "10": 8,
      "11": 14,
      "12": 8,
      "13": 6,
      "14": 5,
      "15": 7,
      "16": 5,
      "17": 8,
      "18": 3,
      "19": 4,
      "20": 3,
      "21": 1,
      "22": 2,
      "23": 2,
      "25": 2,
      "27": 2,
      "28": 3,
      "29": 2,
      "30": 4,
      "31": 2,
      "32": 1,
      "34": 1,
      "39": 2,
      "40": 1,
      "44": 1,
      "49": 2,
      "53": 1,
      "55": 1,
      "57": 1,
      "60": 1,
      "66": 1,
      "75": 1,
      "80": 1,
      "82": 1,
      "86": 1,
      "88": 1,
      "99": 1,
      "109": 1,
      "181": 1,
      "201": 1,
      "228": 1
    },
    "4": {
      "3": 201,
      "4": 17,
      "5": 6,
      "6": 13,
      "7": 5,
      "8": 5,
      "9": 11,
      "10": 7,
      "11": 8,
      "12": 7,
      "13": 4,
      "14": 2,
      "15": 7,
      "16": 2,
      "17": 2,
      "18": 1,
      "19": 1,
      "20": 2,
      "21": 4,
      "22": 3,
      "25": 2,
      "26": 1,
      "27": 3,
      "29": 1,
      "36": 1,
      "41": 2,
      "56": 1,
      "72": 1
    },
    "5": {
      "1": 8,
      "3": 112,
      "4": 12,
      "5": 10,
      "6": 8,
      "7": 5,
      "8": 20,
      "9": 2,
      "10": 4,
      "11": 10,
      "13": 2,
      "15": 4,
      "16": 2,
      "17": 1,
      "18": 3,
      "19": 1,
      "20": 1,
      "22": 1,
      "23": 1,
      "25": 1,
      "33": 1,
      "36": 1,
      "43": 1,
      "45": 1,
      "50": 1,
      "59": 1,
      "70": 1,
      "158": 1
    },
    "6": {
      "3": 242,
      "4": 5,
      "5": 10,
      "6": 4,
      "7": 6,
      "8": 4,
      "9": 6,
      "10": 6,
      "11": 2,
      "12": 3,
      "13": 4,
      "14": 1,
      "19": 2,
      "21": 1,
      "22": 1,
      "23": 2,
      "27": 1,
      "34": 1,
      "36": 3,
      "37": 1,
      "57": 1,
      "103": 1
    },
    "7": {
      "3": 106,
      "4": 6,
      "5": 5,
      "6": 6,
      "7": 8,
      "8": 1,
      "9": 5,
      "10": 2,
      "11": 1,
      "12": 7,
      "13": 2,
      "14": 3,
      "15": 1,
      "16": 3,
      "17": 1,
      "22": 1,
      "28": 1,
      "29": 1,
      "32": 1,
      "55": 1,
      "219": 1
    },
    "8": {
      "3": 79,
      "4": 9,
      "5": 12,
      "6": 4,
      "7": 2,
      "8": 4,
      "9": 8,
      "10": 2,
      "11": 1,
      "12": 6,
      "13": 2,
      "14": 2,
      "18": 1,
      "19": 1,
      "23": 2,
      "25": 3,
      "26": 1,
      "29": 1,
      "30": 1,
      "43": 1,
      "76": 1
    },
    "9": {
      "3": 47,
      "4": 16,
      "5": 12,
      "6": 3,
      "7": 3,
      "8": 8,
      "9": 15,
      "10": 4,
      "11": 2,
      "12": 1,
      "13": 1,
      "14": 2,
      "16": 2,
      "17": 2,
      "18": 3,
      "22": 1,
      "29": 1,
      "36": 1,
      "42": 1,
      "46": 1,
      "53": 1
    },
    "10": {
      "3": 31,
      "4": 5,
      "5": 13,
      "6": 7,
      "7": 3,
      "8": 21,
      "9": 3,
      "10": 9,
      "11": 5,
      "12": 8,
      "13": 4,
      "14": 9,
      "15": 1,
      "16": 1,
      "17": 2,
      "19": 10,
      "21": 1,
      "24": 3,
      "26": 1,
      "35": 1,
      "46": 1
    },
    "11": {
      "3": 24,
      "4": 6,
      "5": 7,
      "6": 7,
      "7": 10,
      "8": 7,
      "9": 12,
      "10": 6,
      "11": 7,
      "12": 4,
      "13": 1,
      "14": 9,
      "15": 1,
      "16": 1,
      "17": 1,
      "18": 1,
      "19": 5,
      "21": 1,
      "23": 1,
      "24": 1,
      "25": 1,
      "29": 1,
      "32": 1,
      "37": 1,
      "49": 1
    },
    "12": {
      "3": 11,
      "4": 3,
      "5": 3,
      "7": 7,
      "8": 10,
      "9": 6,
      "10": 4,
      "11": 7,
      "12": 6,
      "13": 1,
      "14": 1,
      "15": 2,
      "17": 1,
      "18": 1,
      "19": 1,
      "20": 1,
      "22": 1,
      "23": 2,
      "29": 2,
      "31": 1,
      "34": 1,
      "35": 1,
      "39": 1,
      "40": 1,
      "106": 1
    },
    "13": {
      "3": 12,
      "4": 2,
      "5": 1,
      "6": 14,
      "7": 7,
      "8": 10,
      "9": 4,
      "10": 3,
      "11": 2,
      "12": 12,
      "13": 1,
      "14": 5,
      "15": 2,
      "16": 1,
      "17": 1,
      "19": 8,
      "20": 1,
      "22": 1,
      "23": 1,
      "24": 1,
      "25": 1,
      "28": 1,
      "29": 2,
      "33": 2,
      "44": 1,
      "92": 1
    },
    "14": {
      "3": 7,
      "4": 2,
      "6": 7,
      "7": 7,
      "8": 6,
      "9": 5,
      "10": 6,
      "11": 4,
      "12": 21,
      "13": 2,
      "14": 9,
      "15": 5,
      "16": 2,
      "17": 3,
      "19": 1,
      "25": 1,
      "29": 1,
      "30": 1,
      "46": 1,
      "47": 1,
      "72": 1,
      "109": 1
    },