{"totalMethods":1433,"totalHistoryEquals1":225,"totalHistory2To5":661,"totalHistory6To10":310,"totalHistoryGt10":237,"totalHistoryCount":{"0":9,"1":225,"2":226,"3":178,"4":139,"5":109,"6":66,"7":71,"8":92,"9":52,"10":29,"11":37,"12":34,"13":22,"14":22,"15":22,"16":9,"17":20,"18":12,"19":12,"20":6,"21":7,"22":2,"23":9,"24":3,"25":2,"26":3,"27":3,"28":2,"29":2,"30":2,"31":1,"32":1,"34":1,"37":2,"52":1},"avgSizeShovel":5.974877878576413,"avgSizeBase":1.1235170969993022,"medianSizeShovel":4,"medianSizeBase":1,"changeStats":{"Yexceptionschange":97,"Ymovefromfile":1295,"Yrename":339,"Yparameterchange":532,"Yintroduced":1399,"Ybodychange":3326,"Yreturntypechange":251,"Ymodifierchange":372,"Yfilerename":2428,"Yparametermetachange":70},"countSmallMethodsForOneChange":94,"countSmallMethodsForMoreThanOneChange":437,"statsMethodsOneChange":{"setters":2,"getters":10,"tests":0},"methodSizeStatsLeftNumChangesRightNumLinesNumMethods":{"0":{"3":3,"4":2,"5":1,"6":1,"9":1,"15":1},"1":{"2":1,"3":90,"4":23,"5":14,"6":11,"7":17,"8":7,"9":8,"10":8,"11":8,"12":4,"13":4,"14":4,"15":4,"16":4,"17":5,"20":2,"22":1,"23":1,"27":2,"34":1,"47":1,"49":1,"51":1,"55":1,"84":1,"87":1},"2":{"2":14,"3":94,"4":30,"5":10,"6":13,"7":8,"8":8,"9":9,"11":6,"12":5,"13":3,"14":5,"15":3,"16":1,"17":1,"18":1,"20":2,"22":1,"28":1,"31":2,"33":1,"41":1,"43":1,"46":1,"48":1,"50":1,"51":1,"54":1,"58":1},"3":{"2":7,"3":62,"4":14,"5":8,"6":7,"7":8,"8":4,"9":7,"10":8,"11":9,"12":7,"13":5,"14":2,"15":5,"16":3,"17":1,"18":3,"19":1,"20":1,"21":1,"24":3,"25":2,"26":2,"27":2,"30":1,"32":1,"34":2,"39":1,"41":1},"4":{"2":5,"3":72,"4":10,"5":8,"6":1,"7":5,"8":4,"9":4,"10":2,"12":2,"13":3,"14":4,"15":2,"17":1,"20":1,"21":1,"22":2,"24":1,"26":2,"27":1,"28":1,"34":1,"35":1,"42":1,"43":1,"49":1,"68":1,"86":1},"5":{"3":37,"4":7,"5":10,"6":5,"7":5,"8":10,"9":6,"10":2,"11":1,"12":5,"13":1,"14":4,"15":1,"16":2,"18":2,"19":1,"21":1,"23":1,"30":2,"34":1,"40":1,"67":1,"69":1,"84":1,"104":1},"6":{"2":3,"3":16,"4":9,"5":6,"6":4,"7":4,"8":6,"9":1,"10":2,"11":3,"12":1,"13":3,"14":1,"16":1,"24":1,"28":1,"29":1,"50":1,"51":1,"94":1},"7":{"2":5,"3":20,"4":8,"5":10,"6":3,"7":3,"8":2,"9":2,"10":2,"12":1,"13":3,"14":3,"15":1,"17":1,"19":1,"20":1,"21":1,"23":1,"25":1,"36":1,"37":1,"87":1},"8":{"3":50,"4":5,"5":10,"6":2,"7":3,"8":2,"9":2,"10":1,"11":3,"13":1,"14":2,"18":1,"20":1,"22":2,"23":2,"25":1,"33":1,"38":1,"42":1,"58":1},"9":{"3":18,"4":4,"5":5,"6":4,"7":4,"9":2,"10":3,"12":1,"14":2,"16":1,"17":1,"19":1,"24":1,"29":1,"36":1,"42":1,"44":1,"100":1},"10":{"3":9,"4":1,"6":4,"7":2,"8":2,"10":4,"11":1,"14":1,"21":2,"23":1,"27":1,"68":1},"11":{"3":13,"4":2,"5":2,"6":3,"7":2,"8":4,"11":1,"12":2,"14":1,"15":1,"17":1,"20":1,"21":1,"42":1,"60":1,"100":1},"12":{"3":4,"4":4,"5":1,"6":1,"7":1,"8":1,"9":3,"10":3,"12":2,"14":2,"15":1,"19":2,"20":1,"21":1,"23":2,"24":2,"36":1,"41":1,"46":1},"13":{"3":2,"4":3,"5":1,"6":2,"7":1,"9":3,"10":1,"11":1,"12":1,"13":2,"14":1,"21":1,"31":1,"33":1,"61":1},"14":{"4":4,"5":1,"6":2,"7":1,"11":1,"13":1,"15":1,"18":1,"19":3,"22":1,"24":1,"27":1,"28":1,"30":1,"39":1,"94":1},"15":{"3":4,"5":1,"6":1,"7":1,"8":1,"9":1,"11":1,"12":1,"15":2,"17":1,"19":1,"20":1,"27":1,"35":1,"38":1,"46":1,"82":1,"132":1},"16":{"5":2,"9":1,"14":1,"15":2,"18":1,"19":1,"47":1},"17":{"3":1,"4":1,"5":4,"11":1,"12":2,"15":1,"16":1,"19":3,"21":2,"31":1,"38":1,"39":1,"60":1},"18":{"5":2,"6":1,"7":2,"11":2,"14":1,"15":1,"39":2,"59":1},"19":{"4":1,"5":1,"6":1,"7":1,"8":1,"9":1,"10":1,"17":1,"18":1,"19":1,"22":1,"36":1},"20":{"8":1,"12":1,"13":1,"17":1,"30":1,"34":1},"21":{"7":1,"9":1,"11":1,"12":1,"15":2,"28":1},"22":{"11":1,"24":1},"23":{"7":1,"8":2,"11":1,"13":1,"16":1,"20":1,"43":1,"47":1},"24":{"12":1,"45":1,"120":1},"25":{"46":1,"69":1},"26":{"19":1,"30":1,"43":1},"27":{"21":1,"32":1,"113":1},"28":{"14":1,"30":1},"29":{"10":1,"73":1},"30":{"3":1,"46":1},"31":{"5":1},"32":{"42":1},"34":{"9":1},"37":{"19":1,"39":1},"52":{"77":1}}}
